symbol,industry,sector,cmp,marketCap,priceToEarnings,priceToBook,priceToSales,priceToCashflow,enterpriseToEbitda,dividendYield,returnOnEquity,return12M,return6M,return1M
RELIANCE,Oil & Gas - Refining & Marketing,Energy,2917.3,2002983,28.77,2.42,2.18,17.41,13.32,0.37,7.77,25.93,14.04,3.4
TCS,IT Services & Consulting,Information Technology,3801.7,1392782.79,30.34,15.25,5.68,31.41,20.02,1.9,50.3,18.42,-0.38,-0.64
HDFCBANK,Private Banks,Financials,1657.85,1153545.7,18.01,3.97,2.83,55.42,12.5,0.94,17.09,3.35,0.3,10.12
BHARTIARTL,Telecom Services,Communication Services,1392.35,826210.7,110.65,7.76,5.36,12.65,14.2,0.58,8.41,68.13,40.86,5.21
ICICIBANK,Private Banks,Financials,1144.45,795799.95,17.98,3.6,3.36,99999,10.83,0.88,16.63,23.97,12.7,-0.74
SBIN,Public Banks,Financials,852.6,739493.34,11.02,1.72,1.24,34.18,4.51,0,16.72,49.88,30.09,2.95
LICI,Insurance,Financials,1031.5,651316.64,15.92,14.05,0.76,11.95,14.13,0.97,124.54,66.83,29.9,7.87
INFY,IT Services & Consulting,Information Technology,1511.35,606591.74,23.12,6.86,3.83,24.06,14.28,3.14,31.94,16.8,-3.01,3.89
HINDUNILVR,FMCG - Household Products,Consumer Staples,2457,556629.92,54.16,10.82,8.85,35.98,35.29,1.77,20.16,-8.43,-4.05,7.29
ITC,FMCG - Tobacco,Consumer Staples,423.65,544583.55,26.62,7.83,7.4,28.85,18.06,3.14,29,-6.6,-7.11,-1.82
LT,Construction & Engineering,Industrials,3589.95,498472.12,38.17,4.86,2.21,27.29,17.22,0.94,12.67,51.71,2.6,6.42
BAJFINANCE,Consumer Finance,Financials,7233.95,422525.88,29.24,7.77,7.68,99999,31.76,0.51,23.46,-2.06,-5.22,8.94
MARUTI,Four Wheelers,Consumer Discretionary,12242.1,408737.49,30.3,6.61,2.8,44.18,17.92,0.92,14.02,28.43,19.63,-0.75
ADANIENT,Commodities Trading,Industrials,3261.9,385884.68,119.12,8.73,3.93,37.42,35.76,0.04,7.89,35.83,10.9,8.03
HCLTECH,IT Services & Consulting,Information Technology,1445.85,364278.88,23.2,5.57,3.27,20.23,13.58,3.87,23.31,27.1,-2.85,8.06
NTPC,Power Generation,Utilities,362.5,363576.5,17.47,2.41,1.98,9.08,10.36,2.07,11.66,95.05,17.07,0.85
AXISBANK,Private Banks,Financials,1226.65,362550.09,13.78,2.79,2.63,16.42,7.23,0.08,8.7,27.03,9.5,4.8
SUNPHARMA,Pharmaceuticals,Health Care,1504,356709.13,37.25,6.01,7.16,71.93,25.34,0.91,15.35,50.13,20.81,-0.96
ONGC,Oil & Gas - Exploration & Production,Energy,271.55,356336.41,7.24,1.18,0.54,4.23,4.19,4.32,12.13,72.08,35.57,-2.8
TATAMOTORS,Four Wheelers,Consumer Discretionary,977.35,352184.77,11.22,3.78,0.79,5.19,6.25,0.58,43.1,72.66,34.08,3.39
HAL,Aerospace & Defense Equipments,Industrials,5311.95,345532.64,45.34,14.66,10.7,39.13,27.89,0.43,27.17,172.87,90.57,15.55
KOTAKBANK,Private Banks,Financials,1746.7,338634.14,18.84,3.02,3.59,99999,12.39,0.12,14.25,-4.27,-5.41,0.91
HINDZINC,Mining - Diversified,Materials,633.45,313793.32,40.44,24.26,10.46,20.74,21.35,0,44.53,106.27,103.06,2.5
M&M,Four Wheelers,Consumer Discretionary,2933.85,309045.91,27.43,4.61,2.17,99999,13.71,0.82,16.6,109.18,72.65,19.08
COALINDIA,Mining - Coal,Materials,477.95,308752.69,8.25,5.32,2.05,8.65,4.79,5.09,55.32,110.41,30.25,3.69
ADANIPORTS,Ports,Industrials,1448.4,305897.28,37.72,5.59,10.84,20.37,21.42,0,15.95,96.89,34.86,7.68
ADANIGREEN,Renewable Energy,Utilities,1789.65,305187.62,277.44,17.49,28.39,39.57,42.88,0,8.87,86.35,16.83,-0.53
DMART,Retail - Department Stores,Consumer Discretionary,4933.9,304835.91,120.2,18.96,5.98,115.9,71.49,0,15.99,24.1,22.69,8.85
TITAN,"Precious Metals, Jewellery & Watches",Consumer Discretionary,3462.35,302948.15,86.66,32.25,5.87,178.73,54.12,0,32.83,16.63,-4.1,6.89
POWERGRID,Power Transmission & Distribution,Utilities,327.3,296503.25,19.04,3.57,6.32,7.8,10.3,3.53,19.36,79.51,40.14,5
ULTRACEMCO,Cement,Materials,10995.55,294844.46,42.09,5.42,4.12,32.51,22.09,0.69,9.66,34.47,9.77,13.34
ASIANPAINT,Paints,Materials,2891.7,275643.17,50.48,14.19,7.59,45.16,32.66,1.16,30.44,-12.63,-13.32,3.84
ADANIPOWER,Power Generation,Utilities,738.65,272685.58,13.09,6.29,4.52,19.24,10.66,0.01,56.77,180.16,37.95,17.95
SIEMENS,Conglomerates,Industrials,7538,259373.07,132.27,19.81,12.92,185.27,84.44,0.14,15.87,97.97,87.53,6.83
BAJAJFINSV,Insurance,Financials,1594.9,255081.04,31.31,3.29,2.31,99999,22.14,0.06,8.92,3.43,-6.72,0.6
BAJAJ-AUTO,Two Wheelers,Consumer Discretionary,9685.8,249815.63,32.41,8.51,5.36,47.34,23.38,0.91,20.47,110.68,50.89,12.82
WIPRO,IT Services & Consulting,Information Technology,495.75,242123.46,21.92,3.12,2.62,18.54,11.33,0.23,15.85,30.41,13,6.14
IRFC,Specialized Finance,Financials,173.22,240460.51,37.5,5.29,9.02,99999,102.6,0.82,14.66,424.91,73.05,-1.31
IOC,Oil & Gas - Refining & Marketing,Energy,166.75,238366.5,5.71,1.66,0.3,8.04,4.67,6.93,7.04,81.45,33.72,3.13
NESTLEIND,FMCG - Foods,Consumer Staples,2526.05,237929.88,60.5,71.22,9.4,56.99,39.76,1.3,-99999,10.82,-0.9,3.88
JIOFIN,Consumer Finance,Financials,358.3,232149,144.68,2.03,101.68,112.97,114.72,0,0.05,43.95,50.36,1.51
JSWSTEEL,Iron & Steel,Materials,914.95,221392.78,25.12,3.3,1.25,9.49,9.54,0,6.11,18.57,6.55,3.4
TATASTEEL,Iron & Steel,Materials,180.02,218274.55,99999,2.08,0.94,10.07,17.75,2.01,7.88,57.77,32.95,7.33
BEL,Electronic Equipments,Information Technology,309.3,217246.63,54.52,15.65,10.38,171.48,36.6,0.98,22.8,147.74,78.73,15.37
DLF,Real Estate,Real Estate,859.8,207963.31,76.26,5.52,29.89,87.55,78.55,0.6,5.5,77.15,23.17,3.35
VBL,Soft Drinks,Consumer Staples,1623,194693.1,94.7,27.48,12.08,81.43,53.83,0.17,33.43,102.77,38.52,6.99
ABB,Heavy Electrical Equipments,Industrials,8544,178473.47,143.69,30.02,16.6,132.06,97.06,0.28,22.82,97.43,76.57,5.45
VEDL,Metals - Diversified,Materials,448.45,170976.94,25.82,2.61,2.08,12.63,9.65,0,9.78,61.22,71.1,-0.94
GRASIM,Cement,Materials,2447.15,168065.02,29.88,1.37,1.27,99999,10.48,0.39,5.71,39.49,15.99,1.5
TRENT,Retail - Apparel,Consumer Discretionary,5356.8,167627.67,112.74,40.86,12.54,124.26,56.9,0.07,43.95,213.59,78.51,14.8
INDIGO,Airlines,Industrials,4228,164291.83,20.1,99999,2.31,12.91,9.96,0,-99999,73.83,41.66,-1
PFC,Specialized Finance,Financials,499.25,162249.5,8.21,1.45,1.78,99999,27.86,2.75,15.26,216.38,22.14,9.32
ZOMATO,Online Services,Communication Services,198.49,158893.58,452.69,8.17,12.26,99999,173.11,0,-5.4,148.66,52.39,-3.43
AMBUJACEM,Cement,Materials,666.8,156482.23,43.75,3.08,4.53,27.72,19.84,0.28,7.98,47.25,27.65,9.63
TATAMTRDVR,Four Wheelers,Consumer Discretionary,652.75,151860.11,99999,99999,99999,99999,99999,0,-99999,109.69,33.68,3.05
PIDILITIND,Diversified Chemicals,Materials,3117.2,151161.24,87.41,20.3,12.07,97.05,54.46,0.54,18.13,16.6,17.69,5.11
HINDALCO,Metals - Aluminium,Materials,662.4,150601.96,14.83,1.59,0.69,7.84,7.47,0.52,11.67,55.44,17.27,1.56
RECLTD,Specialized Finance,Financials,515.6,145893.78,10.31,2.51,3.07,99999,29.15,2.89,20.41,235.13,18.49,-2.68
SBILIFE,Insurance,Financials,1449.2,143843.23,75.96,11.05,1.08,5.02,67.22,0.19,13.97,13.17,1.73,2.72
LTIM,IT Services & Consulting,Information Technology,5019.85,143335.67,31.28,7.16,3.96,25.28,19.16,1.34,25.02,-0.6,-17.88,6.92
TATAPOWER,Power Transmission & Distribution,Utilities,442.35,142895.58,38.66,4.18,2.2,19.96,13.35,0.45,11.08,98.23,31.69,2.13
BPCL,Oil & Gas - Refining & Marketing,Energy,615.8,141890.82,5.28,2.65,0.31,11.38,4.34,3.15,4.04,64.32,36.92,0.36
PNB,Public Banks,Financials,128.29,139234.29,15.29,1.25,1.13,99999,0.56,1.19,8.5,146.95,40.36,1.93
BANKBARODA,Public Banks,Financials,283.95,139083.79,7.41,1.15,0.98,99999,1.45,2.83,16.55,46.55,25.59,9.87
GAIL,Gas Distribution,Utilities,216.28,134427.5,13.58,2.06,0.99,41.95,8.91,2.69,8.68,100.26,49.78,6.73
GODREJCP,FMCG - Personal Products,Consumer Staples,1391.8,134025.26,99999,9.72,9.33,62.32,180.24,0,13.43,30.47,32.51,8.79
EICHERMOT,Trucks & Buses,Industrials,4880.75,133650.87,33.4,8.92,7.4,46.94,22.71,1.04,21.12,39.58,20.82,5.82
LODHA,Real Estate,Real Estate,1545.5,132862.04,85.77,10.44,12.69,48.31,51.68,0.16,3.91,145.41,67.82,31.92
TECHM,IT Services & Consulting,Information Technology,1381.15,129125.11,54.77,4.55,2.44,23.17,23.06,2.73,17.32,26.29,7.78,4.2
IOB,Public Banks,Financials,66.17,127024.21,47.65,4.61,4.27,99999,28.79,0,8.86,173.43,41.84,3.52
BRITANNIA,FMCG - Foods,Consumer Staples,5360.65,126231.85,58.99,35.41,7.43,49.97,37.67,1.4,75.5,6.76,9.15,6.32
ADANIENSOL,Power Infrastructure,Utilities,1007.75,123451.58,108.55,9.01,7.17,20.45,25.14,0,8.56,24.94,-6.36,-1.31
HDFCLIFE,Insurance,Financials,596.2,121519.35,77.2,9.35,1.19,17.65,124.12,0.35,9.57,-4.84,-10.49,5.71
CIPLA,Pharmaceuticals,Health Care,1559.8,120022.77,29.12,5.06,4.53,37.07,17.02,0.87,12.5,54.24,26.09,12.05
UNIONBANK,Public Banks,Financials,147.25,119465.93,8.71,1.52,1.01,19.55,0.32,0,11.37,105.66,20.45,4.51
HAVELLS,Electrical Components & Equipments,Industrials,1815.65,118433.69,93.2,15.9,6.29,60.65,54.32,0.48,18.06,35.81,32.3,-0.45
INDUSINDBK,Private Banks,Financials,1528.2,112235.3,12.5,2.04,2.04,99999,4.63,1.14,14.45,17.43,-2.45,6.46
DIVISLAB,Labs & Life Sciences Services,Health Care,4479.7,109436.77,68.4,8.57,13.37,44.49,41.36,0.73,14.89,24.97,20.3,16.74
ZYDUSLIFE,Pharmaceuticals,Health Care,1073.55,108270.78,28.05,5.5,5.45,40.27,19.45,0.28,10.12,94.7,56.53,-5.49
ATGL,Gas Distribution,Utilities,927.4,107753.89,161.43,30.1,23.75,112.82,93.39,0.03,20.47,41.04,-9.63,2.87
JINDALSTEL,Iron & Steel,Materials,1046.95,107179.57,18.05,2.75,2.14,14.73,11.11,0.19,8.34,82.24,43.54,1.61
BHEL,Heavy Electrical Equipments,Industrials,297.05,106429.27,377.11,3.97,4.34,99999,86.06,0.08,1.79,240.07,60.78,-2.22
TVSMOTOR,Two Wheelers,Consumer Discretionary,2437.75,106348.25,63.06,18,2.71,99999,22.67,0.36,24.24,84.7,23.83,13.34
CANBK,Public Banks,Financials,121.16,106308.03,6.96,1.14,0.76,7.07,99999,2.75,17.76,98.62,35.84,6.31
CHOLAFIN,Consumer Finance,Financials,1450.65,105926.17,30.97,7.38,5.45,99999,41.61,0.16,20.41,28.12,16.08,12.88
JSWENERGY,Power Generation,Utilities,698.4,104771.65,60.82,4.99,8.76,16.81,22.42,0.31,8.67,175.39,61.91,18.88
TATACONSUM,Tea & Coffee,Consumer Staples,1105.6,104645.08,90.97,6,6.77,54.03,48.49,0.71,6.66,29.01,14.43,3.01
CUMMINSIND,Industrial Machinery,Industrials,3791.5,102947.92,59.83,17.88,10.7,125.6,42.19,0.54,22.53,102.09,91.81,0.15
NHPC,Renewable Energy,Utilities,100.1,102911.38,28.39,2.47,9.03,21.93,20.27,1.85,9.79,119.52,54.36,3.78
IDEA,Telecom Services,Communication Services,16.92,102497.11,99999,99999,2.36,5.43,18.87,0,-99999,122.63,20.86,24.35
HEROMOTOCO,Two Wheelers,Consumer Discretionary,5647.7,102330.74,27.33,6.1,2.65,39.15,16.7,2.73,17.15,102.96,47.77,12.99
POLYCAB,Electrical Components & Equipments,Industrials,7002.7,100431.33,56.29,15.06,5.5,70.35,36.35,0.45,20.76,98.4,24.81,8.74
DABUR,FMCG - Personal Products,Consumer Staples,598.55,98897.51,53.67,10.47,7.67,66.44,34.52,0.98,19.11,5.17,9.18,11.72
CGPOWER,Heavy Electrical Equipments,Industrials,675.45,98851.63,69.27,55.18,11.32,104.4,54.16,0.2,68.88,85.31,48.19,6.03
DRREDDY,Pharmaceuticals,Health Care,5956.2,97681.44,17.51,4.19,3.38,16.59,10.5,0.68,21.21,22.08,5.65,3.37
MOTHERSON,Auto Parts,Consumer Discretionary,182.3,94971.55,34.96,3.9,0.96,20.45,11.2,0.57,6.4,124.51,89.21,37.13
IDBI,Private Bank,Financials,86.53,93814.71,16.35,2.02,3.09,99999,7.72,1.72,8.31,58.63,24.32,-0.29
INDUSTOWER,Telecom Infrastructure,Communication Services,334,93399.91,15.47,4.42,3.22,11.82,7.53,0,9.43,107.71,69.8,-0.19
SHREECEM,Cement,Materials,27443.4,91848.78,38.34,4.92,4.35,35.76,17.8,0.41,7.02,5.56,-4,5.47
BOSCHLTD,Auto Parts,Consumer Discretionary,32892.55,90958.83,36.51,8.27,4.97,74.94,24.11,1.22,13.15,73.63,50.27,8.17
SOLARINDS,Commodity Chemicals,Materials,9867.95,90556.11,108.33,32.92,14.81,137.94,64.79,0.08,31.78,157.39,45.93,12.69
SHRIRAMFIN,Consumer Finance,Financials,2791.25,90111.95,12.23,2.06,2.47,99999,22.65,1.87,17.2,89.9,35.53,19.23
BAJAJHLDNG,Asset Management,Financials,8199.7,89390.39,12.3,1.73,11.66,51.74,12.86,1.63,9.41,17.3,4.76,1.08
IRCTC,Online Services,Communication Services,1014.65,88724,79.85,35.8,20.01,109.52,55.27,0,46.26,51.93,15.03,-6.61
TORNTPHARM,Pharmaceuticals,Health Care,2885.55,88420.56,53.39,14.27,8.13,37.34,26.48,1.07,20.5,55.39,32.94,7.2
UNITDSPR,Alcoholic Beverages,Consumer Staples,1272.85,85707.39,60.87,14.29,7.42,139.43,38.38,0.42,20.9,39.32,17.18,6.82
APOLLOHOSP,Hospitals & Diagnostic Centres,Health Care,6173.55,85039.28,94.64,13.02,4.43,61.77,35.22,0.1,13.17,19.99,11.13,3.94
ICICIPRULI,Insurance,Financials,601.85,83524.11,98.19,7.59,0.91,99999,73.48,0.1,8.07,9.58,15.75,3.32
MANKIND,Pharmaceuticals,Health Care,2213.25,82643.02,43.2,10.84,7.77,45.58,28.78,0,18.39,30.15,13.94,7.36
ICICIGI,Insurance,Financials,1759.75,81833.7,42.65,6.7,3.97,34,30.32,0.66,16.94,39.67,22.03,4.88
NAUKRI,Online Services,Communication Services,6241.75,81816.61,142.24,5.67,27.73,157.1,81.51,0.35,-0.66,40.53,19.88,-0.96
HDFCAMC,Asset Management,Financials,3900.3,81471.44,41.94,13.34,25.75,70.88,32.23,1.83,24.46,106.1,24.93,5.02
INDHOTEL,"Hotels, Resorts & Cruise Lines",Consumer Discretionary,617.05,81114.29,64.42,8.01,11.67,41.92,35.18,0.31,13.42,55.76,38.8,8.6
NMDC,Mining - Iron Ore,Materials,262.1,78510.93,14.08,3.47,3.46,31.84,8.57,2.71,27.55,146.91,35.38,-5.2
MARICO,FMCG - Personal Products,Consumer Staples,622.45,78175.69,52.79,19.76,7.98,55.09,35.8,1.57,35.38,16.36,13.62,4.78
LINDEINDIA,Commodity Chemicals,Materials,8938.5,77705.01,179.01,24.75,27.23,123.5,97.24,0,-99999,104.87,58.41,-3.76
RVNL,Specialized Finance,Financials,390.9,77249.99,49.06,10.55,3.33,99999,30.96,0.57,20.81,214.1,112.62,30.55
HINDPETRO,Oil & Gas - Refining & Marketing,Energy,515.5,77091.01,4.81,2.39,0.18,99999,4.95,5.8,-18.95,89,35.44,5.03
INDIANB,Public Banks,Financials,545,76992.46,9.14,1.28,1.2,99999,3.02,2.1,15.33,92.21,21.96,0.57
MAXHEALTH,Hospitals & Diagnostic Centres,Health Care,899.95,76722.77,72.54,10.35,13.74,63.45,45.47,0.19,16.12,49.58,35.53,8.05
GODREJPROP,Real Estate,Real Estate,3000.8,76099.95,104.93,8.19,17.45,99999,66.4,0,6.36,97.21,51.82,8.41
TIINDIA,Cycles,Consumer Discretionary,4357.85,73981.49,61.62,14.93,4.19,53.39,27.07,0.1,22.02,46.74,21.08,16.35
LUPIN,Pharmaceuticals,Health Care,1572.3,73574.02,38.43,5.87,3.65,38.78,19.45,0.49,3.47,90.55,23.78,-2.74
BHARATFORG,Iron & Steel,Materials,1703.4,73260.37,77.03,10.87,4.6,56.59,28.26,0.57,7.9,106.34,39.52,13.98
COLPAL,FMCG - Personal Products,Consumer Staples,2896.3,72995.5,55.15,42.53,12.68,62.06,36.85,2.16,60.69,75.59,19.65,9.72
AUROPHARMA,Pharmaceuticals,Health Care,1221.7,72366.35,22.81,2.7,2.45,30.32,11.54,0.12,7.5,80.18,18.28,3.35
SCHAEFFLER,Auto Parts,Consumer Discretionary,4658.65,72163.84,80.27,15.02,9.78,81.59,48.99,0.56,19.78,46.62,52.77,10.53
YESBANK,Private Banks,Financials,23.81,72058.18,56.07,1.77,2.19,99999,34.27,0,1.98,46.52,7.49,2.81
OIL,Oil & Gas - Exploration & Production,Energy,696.4,71776.78,11.33,1.71,2.09,6.29,7.55,2.38,23.27,174.23,103.98,3.82
SAIL,Iron & Steel,Materials,149.95,70012.4,22.83,1.28,0.66,99999,8.48,0.59,4,74.56,35.03,-8.93
SUPREMEIND,Plastic Products,Materials,6186.3,69517.36,64.99,13.61,6.74,49.2,39.76,0.55,22.49,106.53,39.6,10.88
UCOBANK,Public Banks,Financials,56.31,68089.18,40.73,2.5,2.71,67.97,13.71,0.49,6.33,110.71,34.71,5.45
MUTHOOTFIN,Consumer Finance,Financials,1740.45,68045.75,15.74,3.07,4.49,99999,19.1,1.42,17.5,47.43,17.15,1.94
SRF,Diversified Chemicals,Materials,2416.75,67854.61,50.8,5.91,5.13,32.41,27.02,0.32,12.25,0.5,-0.55,6.66
SBICARD,Payment Infrastructure,Financials,730,67476.16,28.02,5.58,3.86,99999,30.52,0.35,21.98,-19.38,-6.02,1.62
TORNTPOWER,Power Transmission & Distribution,Utilities,1589.9,67315.19,36.72,5.86,2.45,19.48,15.74,1.71,19.73,138.31,72.16,16.55
CONCOR,Logistics,Industrials,1103.05,67196.03,53.31,5.93,7.45,47.8,27.85,0.23,10.58,66.89,28.2,2.93
OBEROIRLTY,Real Estate,Real Estate,1863.85,65475.67,33.99,4.73,13.56,23.3,24.34,0.22,14.79,84.7,30.67,9.44
OFSS,Software Services,Information Technology,9833.35,65398.81,29.47,8.77,9.74,37.19,19.2,3.17,24.81,154.46,124.83,23.46
ALKEM,Pharmaceuticals,Health Care,5184.85,65182.65,36.3,6.91,5.02,38.74,26.3,0.73,10.77,52.38,5.03,-4.94
PRESTIGE,Real Estate,Real Estate,1867.4,64877.45,47.21,6.32,6.88,42.14,17.93,0.11,9.43,228.1,64.54,22.13
GICRE,Insurance,Financials,381,64746.13,9.68,1.43,1.39,5.52,5.18,2.71,17.01,102.23,17.94,12.5
MAZDOCK,Shipbuilding,Industrials,3969.45,64077.92,33.08,13.46,6.06,74.72,20.21,0.48,25.97,225.87,85.49,46.2
SUZLON,Renewable Energy Equipment & Services,Industrials,48.9,62554.81,94.73,56.91,9.52,134.05,63.28,0,-99999,236.08,30.4,17
ASHOKLEY,Trucks & Buses,Industrials,234.01,61868.42,24.91,5.73,1.35,99999,11.18,2.35,12.8,39.33,33.49,13.38
ABCAPITAL,Diversified Financials,Financials,238.1,59439.58,17.82,2.72,1.7,99999,30.02,0,24.65,32.68,44.52,5.83
BANKINDIA,Public Banks,Financials,122.89,59139.16,9.01,0.84,0.88,99999,99999,2.16,10,63.53,8.42,-1.04
BALKRISIND,Tires & Rubber,Consumer Discretionary,3289.6,58842.85,39.99,7.79,5.99,40.64,22.68,0.53,14.59,40.17,31.08,13.24
JSL,Iron & Steel,Materials,793.8,58076.84,21.41,4.85,1.49,18.76,12.11,0.43,19.35,142.6,45.89,15.28
THERMAX,Industrial Machinery,Industrials,5117.3,57927.61,89.77,14.97,6.01,126.05,50.91,0.23,12.23,115.25,69.89,7.09
ASTRAL,Building Products - Pipes,Industrials,2204.6,57727.94,105.71,19.51,10.16,103.66,59.75,0.1,17.15,11.9,15.49,5.27
PHOENIXLTD,Real Estate,Real Estate,3659.7,57344.88,52.17,5.18,13.95,42.29,27.15,0.16,13.29,133.59,62.48,23.52
POLICYBZR,Online Services,Communication Services,1354.1,57220.84,854.3,10.43,14.99,99999,291.91,0,-8.94,104.7,69.29,-0.21
CENTRALBK,Public Banks,Financials,65.01,57120.58,22.25,1.95,1.61,99999,3.2,0,5.9,135.97,24.9,4.81
SJVN,Renewable Energy,Utilities,131.91,56923.08,62.45,4.11,19.23,34.88,30.74,1.24,10.06,242.62,44.48,-0.72
BERGEPAINT,Paints,Materials,497.65,56855.87,48.69,12.63,5.03,58.26,29.38,0.72,20.37,-11.61,-16.11,2.57
JSWINFRA,Ports,Industrials,302.2,56478.09,48.86,13.81,14.01,31.43,26.5,0.18,19.57,92.12,34.43,11.85
ABBOTINDIA,Pharmaceuticals,Health Care,26909.8,55656.28,46.33,17.46,9.13,62.3,31.64,1.57,31.6,16.53,17.5,2.24
DIXON,Home Electronics & Appliances,Consumer Discretionary,11336.35,55623.32,151.25,43,3.14,76.64,76.4,0.05,22.31,143.52,78.07,28.18
MRF,Tires & Rubber,Consumer Discretionary,124948.75,55575.75,26.7,3.78,2.18,20.17,12.33,0.15,5.35,25.25,5.19,-2.1
PIIND,Diversified Chemicals,Materials,3650.6,55078.01,32.76,7.65,6.99,36.68,23.24,0.41,18.46,-5.28,7.56,2.67
IDFCFIRSTB,Private Banks,Financials,82.17,54943.69,18.67,2.13,1.52,15.42,10.67,0,10.59,1.07,-8.85,5.52
PERSISTENT,Software Services,Information Technology,3842.55,54155.81,49.53,13.66,5.44,56.66,29.78,0.73,25.12,55.47,8.79,9.19
GMRINFRA,Construction & Engineering,Industrials,97.88,52482.54,99999,54.17,5.5,22.83,21.24,0,-12.42,130.04,29.3,14.57
TATACOMM,Telecom Services,Communication Services,1831.25,52398.68,54.11,33.84,2.47,11.95,13.84,0.91,143.41,15.1,2.2,3.41
HUDCO,Specialized Finance,Financials,283.15,51789.15,24.47,3.35,6.52,99999,40.17,1.6,11.38,377.09,158,14.69
PATANJALI,Packaged Foods & Meats,Consumer Staples,1468.7,51779.69,67.67,5.22,1.62,99999,34.24,0.84,10.89,26.06,-8.17,3.99
PGHH,FMCG - Personal Products,Consumer Staples,16459.5,51354.99,75.73,54.28,12.97,62.19,55.41,1.17,80.56,18.14,-5.12,6.34
BHARTIHEXA,Telecom Services,Communication Services,1148.6,51102.5,101.31,12.14,6.96,10,17.89,0,13.96,41.23,41.23,20.08
COCHINSHIP,Shipbuilding,Industrials,2256.2,50315.51,64.24,11.36,12.15,26.64,39.15,0,6.91,661.33,245.01,56.81
IREDA,Specialized Finance,Financials,175.78,49871.47,39.83,5.83,10.04,99999,57.6,0,17.28,192.97,56.32,0.7
UBL,Alcoholic Beverages,Consumer Staples,2095.95,49565.39,120.88,12.49,6.05,99999,63.89,0.53,7.69,40.43,23.51,10.33
ACC,Cement,Materials,2621.55,48998.39,20.97,3,2.37,16.36,12.31,0.29,15.33,43.62,19.01,5.83
SUNDARMFIN,Consumer Finance,Financials,4706.4,48813.56,33.99,3.86,6.7,99999,43.42,0.36,11.11,81.57,28.92,-2.57
LTTS,Software Services,Information Technology,4864.55,48539.59,37.23,9.08,4.93,32.52,21.89,1.09,26.6,24.54,-6.01,8.98
MAHABANK,Public Banks,Financials,65.45,48259.56,11.85,2.43,2.05,4.17,3.9,2.05,22.84,134.59,36.92,1.44
NYKAA,Wellness Services,Consumer Discretionary,174.02,48015.4,1488.39,34.49,7.48,99999,129.44,0,1.41,15.67,1.47,-0.83
APLAPOLLO,Building Products - Pipes,Industrials,1571.15,47019.6,64.2,15.64,2.58,68.14,37.52,0.32,23.47,18.56,-1.75,-7.01
POWERINDIA,Heavy Electrical Equipments,Industrials,11375.75,46849.76,286.05,38.55,8.93,8724.35,131.25,0.04,8,176.17,124.63,2.93
FACT,Fertilizers & Agro Chemicals,Materials,908.65,46398.3,317.43,36.42,8.82,83.6,144.86,0,63.33,138.84,12.51,24.34
AUBANK,Consumer Finance,Financials,656.95,46097.68,30.04,4.2,3.75,8.39,18.34,0.14,15.44,-14.91,-10.17,6.64
HONAUT,Electronic Equipments,Information Technology,55186.55,45944.71,91.63,14.41,10.94,112.09,59.55,0.19,14.54,30.16,56.14,6.56
TATAELXSI,Software Services,Information Technology,7244.8,45928.56,57.97,18.33,12.5,65.5,38.31,0.95,34.51,-5.71,-18.6,-0.3
PETRONET,Oil & Gas - Storage & Transportation,Energy,310.7,45810,12.54,3,0.86,17.83,7.17,0.98,22.99,37.48,43.78,1.85
VOLTAS,Home Electronics & Appliances,Consumer Discretionary,1477.75,45382.5,180.09,7.75,3.56,59.6,76.04,0.4,4.44,94.41,64.73,18.82
MPHASIS,IT Services & Consulting,Information Technology,2411.4,45187.46,29.06,5.69,3.35,30.91,16.28,2.29,22.02,28.74,-9.84,4.26
AWL,FMCG - Foods,Consumer Staples,337.1,44845.41,303.05,5.39,0.87,155.22,32.47,0,1.8,-19.61,-7.13,1.17
TATATECH,IT Services & Consulting,Information Technology,1027.5,43992.72,64.76,13.66,8.41,149.47,40.86,0.93,21.88,-21.74,-17.24,-2.31
IRB,Construction & Engineering,Industrials,64.49,43812.95,72.32,3.27,5.34,24.84,15.21,0.41,5.55,140.63,54.1,-3.52
UNOMINDA,Auto Parts,Consumer Discretionary,1055.75,43599.61,49.53,9.83,3.05,54.62,24.63,0.26,15.94,82.79,58.77,43.07
KPITTECH,IT Services & Consulting,Information Technology,1515.85,42080.66,70.78,25.3,8.53,91,39.76,0.43,25.5,41.45,0.97,0.36
PSB,Public Banks,Financials,61.21,41751.16,70.12,2.76,3.82,29.23,37.84,0.32,9.02,95.87,34.68,2.4
KALYANKJIL,"Precious Metals, Jewellery & Watches",Consumer Discretionary,423.55,41425.51,69.35,11.4,2.22,40.88,32.27,0.3,12.79,218.82,34.29,2.66
ESCORTS,Tractors,Industrials,4216.05,41350.46,39.41,5.05,4.46,184.67,24.74,0.57,8.07,92.26,36.05,9.75
GLAXO,Pharmaceuticals,Health Care,2563.55,41180.07,69.8,23.17,11.45,70.75,44.3,1.32,33.53,81.14,46.94,12.93
EXIDEIND,Batteries,Industrials,560.35,40353.75,46.03,3.62,2.39,52.53,21.08,0.42,7.56,162.95,83.66,18.77
FEDERALBNK,Private Banks,Financials,174.55,39875.89,10.37,1.77,1.49,81.5,4.26,0.64,15.06,41.8,10.9,7.06
PAGEIND,Apparel & Accessories,Consumer Discretionary,38946.9,39657.49,69.67,28.93,8.62,99999,44.89,1.04,46.45,0.35,3.15,8.12
NIACL,Insurance,Financials,237.88,39378.96,35.27,1.52,0.9,99999,19.14,0.81,4.05,94.9,5.51,3.11
LTF,Consumer Finance,Financials,176.21,39277.22,16.93,1.67,2.79,58.32,35.4,1.58,10.28,49.14,10.48,12.65
UPL,Fertilizers & Agro Chemicals,Materials,557.3,38716.34,99999,1.09,0.89,5,13.72,0.19,11.03,-18.88,-6.92,8.84
KEI,Cables,Industrials,4435.35,38662.59,66.57,14.93,4.74,75.23,43.2,0.08,20.21,98.11,48.67,11.77
NAM-INDIA,Asset Management,Financials,651.1,38517.85,34.78,10.96,18.91,65.94,27.68,2.67,20.68,164.46,44.99,11.13
MRPL,Oil & Gas - Refining & Marketing,Energy,214.57,38320.57,10.65,3.88,0.42,6.02,7,0.91,31.1,172.64,63.48,0.96
GUJGASLTD,Gas Distribution,Utilities,612.05,38308.91,33.5,5.45,2.42,16.13,18.51,1.02,24.15,29.3,36.86,15.07
BIOCON,Biotechnology,Health Care,332.25,38231.94,37.39,1.7,2.45,20.64,14.05,0.16,2.9,35.7,31.66,6.66
SONACOMS,Auto Parts,Consumer Discretionary,642.9,36970.47,71.48,13.2,11.52,53.37,40.58,0.49,20.32,23.05,14.73,5.31
BSE,Stock Exchanges & Ratings,Financials,2709.25,36959.1,47.48,13.06,17.63,99999,30.27,0.55,7.85,376.31,12.87,-1.23
COROMANDEL,Fertilizers & Agro Chemicals,Materials,1573.1,36904.01,22.47,4.67,1.66,62.45,13.78,0.48,28.22,67.3,27.31,22.9
HINDCOPPER,Mining - Copper,Materials,326.8,35934.61,121.68,17.26,20.28,53.35,59.48,0,14.8,185.41,57.3,-15.37
LICHSGFIN,Home Financing,Financials,736.4,35704.59,7.5,1.31,1.31,99999,45.62,1.39,11.13,91.5,39.04,16.16
POONAWALLA,Consumer Finance,Financials,423.9,35495.28,21.09,5.16,8.88,99999,20.7,0,10.58,24.29,-4.63,-6.25
NATIONALUM,Metals - Aluminium,Materials,184.88,35474.54,17.84,2.7,2.57,39.06,9.58,0,11.17,118.53,64.12,-6.31
FLUOROCHEM,Specialty Chemicals,Materials,3259.8,35470.02,81.55,6.42,8.17,48,36.31,0.09,27.25,3.01,-2.87,-0.43
AIAENG,Industrial Machinery,Industrials,4271.55,35240.45,31.03,6.18,6.86,40.61,20.22,0.43,20.18,25.58,20.78,9.63
GET&D,Heavy Electrical Equipments,Industrials,1547.65,35178.23,194.3,32.79,11.03,99999,103.67,0.15,-0.14,615.84,229.25,14.37
FORTIS,Hospitals & Diagnostic Centres,Health Care,489.55,34879.07,58.24,4.31,5.01,42.42,27.26,0.22,7.79,59.54,22.42,10.16
LLOYDSME,Iron & Steel,Materials,716.95,34609.41,27.85,22.64,5.26,99999,19.26,0,-28.7,88.35,14.26,5.39
3MINDIA,Stationery,Industrials,36930.55,34574.81,59.26,20.61,8.1,74.28,40.37,2.23,23.36,32.78,17.35,20.72
DALBHARAT,Cement,Materials,1854.5,33616.97,40.7,2.04,2.24,12.76,11.54,0.5,5.12,-17.3,-19.83,3.53
MOTILALOFS,Diversified Financials,Financials,686.05,33577.73,13.76,5.34,4.71,99999,11.25,0.62,15.55,281.88,113.97,10.36
M&MFIN,Consumer Finance,Financials,306.45,33501.24,17.33,1.79,2.09,99999,38.77,2.32,11.6,-3.1,9.49,16.62
TATAINVEST,Asset Management,Financials,6728.35,33422.49,86.83,1.12,74.17,142.31,81.31,0.42,1.55,178.89,56.28,4.05
MFSL,Insurance,Financials,987.95,33256.98,97.79,8.38,0.71,3.35,79.39,0,8.95,43.32,2.59,-3.02
IPCALAB,Pharmaceuticals,Health Care,1133.4,32924.46,60.15,5.57,4.21,40.86,24.14,0.15,8.23,55.76,2.32,-11.01
NLCINDIA,Metals - Diversified,Materials,236.2,32322.5,17.43,1.83,2.15,8.59,10.23,1.29,8.21,143.13,12.64,-1.61
DEEPAKNTR,Commodity Chemicals,Materials,2485.9,32259.68,39.78,7.89,4.12,49.64,24.95,0.32,22.94,14.32,8.64,-3.72
IGL,Gas Distribution,Utilities,470.4,32252.54,16.25,4.07,2.21,14.46,9.87,1.95,21.13,2.39,15.48,8.85
APARINDS,Electrical Components & Equipments,Industrials,8381,32244.51,39.08,14.42,1.99,46.17,19.92,0.61,32.28,170.62,56.63,6.3
EMBASSY,Real Estate,Real Estate,357.96,32216.06,33.42,1.38,8.1,12.43,15.31,7.81,4.05,20.95,6.62,-0.25
STARHEALTH,Insurance,Financials,529.6,31903.8,37.76,5.86,2.27,25.01,28.4,0,12.29,-2.13,-1.91,-3.92
MEDANTA,Hospitals & Diagnostic Centres,Health Care,1351.3,31803.36,66.51,13.1,9.49,49.34,36.22,0,16.13,111.7,44.3,0.3
CRISIL,Stock Exchanges & Ratings,Financials,4110.2,31562.44,47.94,14.42,9.76,40.45,31.24,1.25,33.08,4.85,-3.43,-7.76
COFORGE,IT Services & Consulting,Information Technology,5395.15,31562.4,39.06,9.96,3.42,33.21,21.24,1.1,23.12,18.24,-14,10.98
CARBORUNIV,Industrial Machinery,Industrials,1800.8,31440.07,68.16,10.66,6.52,73.09,36.59,0.24,15.32,47.61,54.35,2.05
TIMKEN,Industrial Machinery,Industrials,4616.35,31142.44,79.42,15.29,10.56,91.28,50.19,0.06,21.16,32.32,44.04,14
GLAND,Pharmaceuticals,Health Care,1828.1,31062.76,40.21,3.9,5.32,85.34,18.16,1.06,10.33,78.57,-1.66,3.41
METROBRAND,Footwear,Consumer Discretionary,1237.95,31035.93,75.24,19.72,12.79,81.53,40.68,0.44,25.27,25.18,-5.98,10.89
SKFINDIA,Industrial Machinery,Industrials,6711.45,30991.67,56.16,13.24,6.64,44.9,37.02,2.07,24.83,39.98,42.78,11.38
ENDURANCE,Auto Parts,Consumer Discretionary,2593.6,30884.64,45.39,7,2.99,35.83,21.55,0.39,11.51,63.54,45.57,25.34
JKCEMENT,Cement,Materials,4304.15,30833.51,38.99,6.64,2.64,22.39,15.99,0.5,9.55,27.65,9.4,13.91
JUBLFOOD,Restaurants & Cafes,Consumer Discretionary,544.4,30688.84,76.85,15.06,5.22,29.91,23.97,0.26,17.69,10.11,-3.64,17.68
APOLLOTYRE,Tires & Rubber,Consumer Discretionary,484.65,30589.64,17.77,2.38,1.2,14.33,7.91,1.25,8.97,19.08,6.43,-1.03
BLUESTARCO,Home Electronics & Appliances,Consumer Discretionary,1705.95,30536.88,73.59,22.89,3.14,123.44,43.24,0.44,34.02,123.7,79.89,9.07
AJANTPHARM,Pharmaceuticals,Health Care,2371.15,30505.2,37.79,8.94,7.46,41.48,24.39,0,24.24,60.85,25.25,0.89
MSUMI,Cables,Industrials,76.74,30085.64,47.13,22.61,3.61,134.55,29.82,1.18,39.83,32.88,24.28,13.88
BANDHANBNK,Private Banks,Financials,198.83,30012.37,13.46,1.53,1.43,99999,7.39,0.81,11.87,-20.4,-20,8.69
DELHIVERY,Logistics,Industrials,400.35,29862.79,99999,3.25,3.47,99999,50.67,0,-13.32,2.21,10,-5.25
360ONE,Investment Banking & Brokerage,Financials,852.9,29607.6,36.82,9.47,10.12,99999,33.45,1.98,21.4,93.31,31.7,3.24
ITI,Telecom Equipments,Communication Services,304.2,29547.27,99999,12.44,22.58,99999,99999,0,-14.45,179.72,2.46,-0.98
EIHOTEL,"Hotels, Resorts & Cruise Lines",Consumer Discretionary,445.15,29514.06,46.18,8.5,11.1,48.05,27.45,0.25,9.54,108.99,83,-6.17
ABFRL,Retail - Apparel,Consumer Discretionary,320.95,29303.74,99999,8.76,2.06,46.06,20.55,0,-1.17,50.4,38.94,25.19
GLENMARK,Pharmaceuticals,Health Care,1235.7,29234.69,99999,2.97,2.24,46.75,21.39,0.24,3.08,92.96,50.05,18.62
BRIGADE,Real Estate,Real Estate,1317.95,29227.19,64.72,9.3,5.77,30.24,23.66,0.16,9.68,120.87,53.23,13.64
BDL,Aerospace & Defense Equipments,Industrials,1563.85,27914.65,45.56,8.69,10.22,13.1,26.79,0.58,11.28,161.48,105.86,24.51
KIOCL,Iron & Steel,Materials,452.65,27743.84,99999,13.86,14.57,99999,99999,0,-4.71,135.76,26,0.29
GODREJIND,Diversified Chemicals,Materials,815.55,27733.22,462.45,1.94,1.53,99999,18.1,0,7.12,61.83,17.78,3.92
TATACHEM,Diversified Chemicals,Materials,1106.85,27621.95,103.07,1.2,1.71,9.16,14.02,1.38,1.22,13.12,7.12,3.77
GODIGIT,Insurance,Financials,330.35,27534.41,151.55,11.29,3.2,12.24,150.02,0,1.61,7.96,7.96,28.6
KPRMILL,Textiles,Consumer Discretionary,875.25,27372.47,33.99,6.28,4.47,40.38,21.72,0.62,19.97,37.28,3.07,5.97
SYNGENE,Labs & Life Sciences Services,Health Care,711,27081.28,53.1,7.49,7.57,32.89,24.26,0.19,13.43,-4.34,1.15,2.82
GRINDWELL,Industrial Machinery,Industrials,2743.85,26289.36,68.52,14.47,9.54,73.91,43.92,0.72,21.31,26.75,26.27,14.07
NBCC,Construction & Engineering,Industrials,161.09,26235,65.33,12.35,2.46,99999,38.12,0.43,13.13,291.47,95.5,8.68
SUNTV,TV Channels & Broadcasters,Communication Services,766.85,26218.45,13.62,2.83,5.47,12.51,7,2.56,19.57,73.08,10.72,12.79
JBCHEPHARM,Pharmaceuticals,Health Care,1810.45,25881.4,46.83,10.43,7.35,41.37,28.03,0.73,17.75,54.29,23.31,-2.39
ZFCVINDIA,Auto Parts,Consumer Discretionary,16244.85,25703.45,63.24,10.67,6.57,86.12,36.95,0.13,14.05,44.14,2.63,24.75
IRCON,Construction & Engineering,Industrials,267.8,25577.33,27.52,4.9,1.98,99999,14.49,1.14,15.47,218.24,51.47,-0.2
NH,Hospitals & Diagnostic Centres,Health Care,1235.4,25443.33,32.24,11.93,5,23.46,20.93,0.32,33.48,22.79,3.53,-4.07
CROMPTON,Home Electronics & Appliances,Consumer Discretionary,424.5,25258.47,57.42,7.32,3.42,29.95,32.57,0.76,13.42,46.08,43.36,6.94
TVSHLTD,Auto Parts,Consumer Discretionary,11983.9,25049.16,31.3,4.14,0.62,99999,12.97,0.92,9.75,202.69,40.12,15.22
AEGISLOG,Oil & Gas - Storage & Transportation,Energy,804.45,24929.78,43.8,6.16,3.45,69.56,23.28,0.63,14.68,132.1,113.16,30.03
MANYAVAR,Textiles,Consumer Discretionary,1173.3,24850.73,60,17.75,17.29,52.9,33.69,0.83,34.57,-12.35,-12.94,16.35
CENTURYTEX,Paper Products,Materials,2289.5,24580.79,486.46,6.09,5.38,90.72,56.87,0.23,6.87,181.42,87.29,8.85
SUNDRMFAST,Auto Parts,Consumer Discretionary,1280.55,24370.69,46.72,8.03,4.26,51.97,26.6,0.59,17.45,7.51,3.09,7.9
EMAMILTD,FMCG - Personal Products,Consumer Staples,719.15,23780.52,32.87,10.28,6.56,31.75,23.9,0,29.16,72.81,43.82,44.41
BAYERCROP,Fertilizers & Agro Chemicals,Materials,6166.5,23733.92,32.05,8.75,4.58,38.95,22.12,2.65,28.96,44.72,13.2,10.08
LAURUSLABS,Pharmaceuticals,Health Care,430.35,23639.04,147.24,5.84,4.67,23.78,31.87,0.09,21.33,18.07,7.97,-3.11
ISEC,Investment Banking & Brokerage,Financials,736.95,23516.12,13.86,8.24,4.66,99999,10.95,3.98,42.31,42.04,-1.5,-1.01
ANGELONE,Investment Banking & Brokerage,Financials,2607.75,23393.74,20.78,10.82,5.47,29.12,11.95,0,47.52,67.34,-20.55,-3.76
JBMA,Auto Parts,Consumer Discretionary,2033.8,23252.12,130.02,22.56,4.61,48.03,40.55,0.08,12.91,102.63,45.01,13.04
RATNAMANI,Building Products - Pipes,Industrials,3411.8,23182.23,37.22,8.66,4.52,74.67,24.03,0.42,20.73,46.68,0.23,4.31
CPSEETF,Equity,ETF,93.84,23025.67,99999,99999,99999,99999,99999,0,-99999,116.12,44.5,5.33
AARTIIND,Specialty Chemicals,Materials,685.3,22513.31,54.12,4.58,3.53,17.19,25.63,0.16,11.55,31.75,12.55,9.74
GILLETTE,FMCG - Personal Products,Consumer Staples,7551.15,22458.71,63.14,22.71,8.99,48.55,39.2,1.23,38.45,67.32,22,15.19
CDSL,Stock Exchanges & Ratings,Financials,2051.6,22421,53.5,17.83,24.71,90.11,37.5,1.03,23.06,97.78,7.3,-2.56
HATSUN,FMCG - Foods,Consumer Staples,1099.55,22321.6,83.51,15.49,2.79,30.12,26.12,0.6,13.01,19.26,1.96,6.58
CREDITACC,Consumer Finance,Financials,1474.75,22229.98,15.37,4.35,4.3,99999,18.64,0,17.81,15.88,-12.33,4.82
ARE&M,Batteries,Industrials,1398.55,22148.81,23.7,4.18,1.87,24.22,12.43,0.76,14.1,119.83,78.85,19.01
KANSAINER,Paints,Materials,279.95,22088.97,18.63,3.95,2.58,24.46,11.68,1.37,23.34,-8.75,-15.56,1.9
RADICO,Alcoholic Beverages,Consumer Staples,1772.65,21992.83,83.89,9.96,5.32,92.16,43.38,0.18,10.41,48.04,14.98,3.58
SUMICHEM,Commodity Chemicals,Materials,473.75,21977.39,59.47,9.23,7.48,56.44,37.65,0.2,23.31,10.57,14.01,18.77
LALPATHLAB,Hospitals & Diagnostic Centres,Health Care,2679.15,21854.07,61.09,11.59,9.52,40.82,31.24,0.69,19.96,26.31,5.77,7.58
PAYTM,Business Support Services,Industrials,410.25,21677.35,99999,1.67,2.06,52.16,99999,0,-13.1,-52.91,-34.12,20.69
JWL,Rail,Industrials,674.4,21653.66,65.31,26.95,5.9,278.86,42.61,0.05,16.25,348.7,105.64,32.09
KAYNES,Electrical Components & Equipments,Industrials,3859.7,21155.6,115.42,22.03,11.37,99999,67.16,0,16.36,147.78,40.59,15.03
CHOLAHLDNG,Diversified Financials,Financials,1290.75,21004.79,11.85,1.29,0.8,99999,22.65,0.05,8.63,37.97,24.21,16.16
SCHNEIDER,Heavy Electrical Equipments,Industrials,905.1,20823.57,121.05,67.46,9.4,220.22,70.19,0,50.44,272.47,122.38,-3.39
PNBHOUSING,Home Financing,Financials,840,20685.71,13.72,1.88,2.93,99999,35.17,0,10.02,47.27,4.02,16.59
PFIZER,Pharmaceuticals,Health Care,4839.55,20602.95,37.37,6.42,8.65,57.93,22.8,0.78,20.55,25.94,14.13,6.63
FIVESTAR,Consumer Finance,Financials,813.9,20586.12,24.63,4.74,9.38,99999,20.39,0,14.99,25.18,13.1,9.05
ELGIEQUIP,Industrial Machinery,Industrials,701.05,20481.47,65.67,14.94,6.25,123.45,37.51,0.62,30.85,31.25,35.48,9.19
RELAXO,Footwear,Consumer Discretionary,829.05,20472.71,102.12,11.04,6.96,51.17,46.76,0.36,8.55,-8.83,-8.72,0.43
SANOFI,Pharmaceuticals,Health Care,7190.75,20379.22,33.8,20.07,6.95,88.45,22.54,1.89,52.63,67.93,42.56,29.98
KAJARIACER,Building Products - Ceramics,Industrials,1336.4,20290.3,48.07,8.44,4.39,68.66,27.16,0.94,15.01,3.65,-5.82,6.64
NXST,Real Estate,Real Estate,135.28,20173.74,33.7,99999,10.07,99999,14.7,0,-0.34,26.79,0.8,2.68
MINDSPACE,Real Estate,Real Estate,337.26,20155.5,38.39,1.35,8.14,13.2,15.6,1.4,3.44,9.3,6.48,-2.51
JYOTICNC,Computer Hardware,Technology Equipment,1230.1,20126.94,133.41,245.27,14.96,1724.67,68.09,0,24.44,183.3,183.3,30.46
KEC,Construction & Engineering,Industrials,892.9,20061.89,57.85,5.32,1,33.07,18.23,0.51,4.76,55.99,45.05,17.7
GODFRYPHLP,FMCG - Tobacco,Consumer Staples,4187.7,20044.7,22.7,5.64,4.33,27.24,18.28,1.45,21.28,144.2,99.18,5.26
KPIL,Power Infrastructure,Utilities,1148.75,19941.89,39.1,4.25,1.01,30.38,13.38,0.65,9.67,111.23,71.85,-10.26
FINPIPE,Building Products - Pipes,Industrials,329.15,19848.74,41.91,4.05,4.38,65.79,23.11,0.78,5.68,87.6,53.38,12.34
RRKABEL,Cables,Industrials,1755.8,19792.92,66.39,13.94,2.97,43.62,38.08,0.29,14.22,46.55,2.75,-0.48
SWANENERGY,Textiles,Consumer Discretionary,657.05,19765.02,65.63,5.29,3.88,99999,27.33,0,-2.25,180.79,31.25,9.51
TEJASNET,Telecom Equipments,Communication Services,1428.95,19731.29,313.29,6.26,7.78,99999,63.46,0,2.06,100.95,72.71,13.55
FINCABLES,Cables,Industrials,1565.85,19616,30.1,4.49,3.68,55.05,20.02,0.62,12.16,83.08,38.15,50.48
WAAREERTL,,,2069.4,19582.14,132.2,230.38,22.26,300.57,93.07,0,96.54,908.92,508.92,0.57
CELLO,FMCG - Household Products,Consumer Staples,899.75,19512.52,58.94,36.38,9.63,85.83,37.19,0.15,65.78,13.65,14.24,-3.9
PPLPHARMA,Pharmaceuticals,Health Care,153.95,19460.51,1092.06,2.87,2.32,40.22,17.8,0,-2.77,67.71,19.06,3.32
WHIRLPOOL,Home Electronics & Appliances,Consumer Discretionary,1831.1,19389.19,89.33,5.29,2.77,71.91,32.79,0.33,6.11,26.32,34.69,12.58
CYIENT,Software Services,Information Technology,1891.7,19240.51,28.18,4.22,2.67,26.5,14.81,1.73,17.03,24.9,-15.91,8.57
CESC,Power Generation,Utilities,149.45,19220.77,13.97,1.69,1.11,9.72,7.59,3.12,12.09,107.57,23,3.8
BASF,Diversified Chemicals,Materials,4908.2,19174.24,34.04,7.1,1.39,36.13,19.59,0.34,16,91.55,60.42,8.42
MCX,Stock Exchanges & Ratings,Financials,3868.45,19120.12,230.06,12.93,25.19,135.2,128.39,0.2,10.28,146.2,21.14,-2.76
CASTROLIND,Commodity Chemicals,Materials,204.87,19095.01,22.1,9,3.7,22.38,14.03,0,43.12,68.13,34.39,2.92
TRIDENT,Textiles,Consumer Discretionary,38.58,19046.73,54.49,4.54,2.77,13.35,20.16,0.96,10.97,17.03,3.99,2.31
NSLNISP,Iron & Steel,Materials,58.35,19034.28,99999,1.12,6.01,12.56,99999,0,-99999,33.52,12.54,-8.71
BEML,Rail,Industrials,4524.05,19018,67.49,7.86,4.64,33.76,39.96,0.45,6.61,187.72,67.29,13.96
CIEINDIA,Auto Parts,Consumer Discretionary,572.05,18977.6,16.87,3.17,1.96,13.72,10.26,1,20.3,8.67,20.71,18.18
VINATIORGA,Specialty Chemicals,Materials,1912.1,18770.74,58.12,8.46,9.68,32.5,36.51,0.38,22.64,4.83,11.47,15.83
TRITURBINE,Heavy Electrical Equipments,Industrials,594.95,18705.47,69.5,24.57,10.9,95.58,47.34,0.22,23.79,41.23,47.14,-8.36
APLLTD,Pharmaceuticals,Health Care,862.5,18672.51,30.32,4.27,2.98,25.79,20.1,1.16,7.12,40.83,10.83,-9.86
KIRLOSENG,Industrial Machinery,Industrials,1322.35,18634.35,42.17,8.09,3.14,99999,20.17,0.47,15.16,216.58,105.73,3.88
SOBHA,Real Estate,Real Estate,2018.65,18463.17,376.03,7.4,5.74,16.05,50.35,0.15,4.24,277.12,107.56,21.29
RAMCOCEM,Cement,Materials,859.8,18385.91,51.08,2.68,1.95,13.03,14.18,0.32,4.66,-8.02,-16.23,12.24
IDFC,Diversified Financials,Financials,121.12,18335.82,17.54,1.58,16.95,4.44,17.05,0,41.36,13.3,-4.37,5.42
PEL,Diversified Financials,Financials,898.75,18317.06,99999,0.69,1.77,693.04,99999,1.23,-5.84,13.31,-6.54,9.03
CGCL,Consumer Finance,Financials,219.24,18309.54,65.53,5.14,7.91,99999,53.61,0.07,7.46,17.43,11.77,-0.97
DEVYANI,Restaurants & Cafes,Consumer Discretionary,171.61,18308.54,387.32,13.58,5.1,30.9,36.56,0,4.09,-11.95,-10.99,14.19
NATCOPHARM,Pharmaceuticals,Health Care,1172.45,18272.79,13.16,3.75,4.43,21.52,9.36,0.95,15.66,85.72,50.56,21.1
ASTERDM,Hospitals & Diagnostic Centres,Health Care,352,18213.51,140.88,3.75,4.88,9.93,39.92,0,9.1,22.48,-10.98,1.04
SIGNATURE,Real Estate,Real Estate,1398.9,18007.15,1112.93,358.85,13.59,99999,338.88,0,-99999,205.07,71.89,5.65
SHYAMMETL,Iron & Steel,Materials,683.8,17823.66,17.22,2.36,1.33,11.83,10.8,0.39,12.81,95.48,26.74,4.77
NCC,Construction & Engineering,Industrials,315.15,17699,24.9,2.73,0.84,16.09,9.78,0.78,9.84,162.41,89.79,17.96
LAXMIMACH,Industrial Machinery,Industrials,16620.7,17688.38,47.34,7.56,3.66,48.58,28.7,0.45,17.74,29.8,22.62,-4.56
SWSOLAR,Renewable Energy Equipment & Services,Industrials,750.3,17665.05,99999,99999,5.66,99999,311.6,0,-351.46,145.4,69.35,-7.62
RITES,Business Support Services,Industrials,692.05,17651.38,38.76,6.49,6.94,31.53,19.43,2.45,20.4,75.76,34.14,-2.02
BLUEDART,Logistics,Industrials,7878.8,17522.84,58.21,14.86,3.29,24.45,20.34,0.34,36.12,18.46,4.28,11.54
ATUL,Diversified Chemicals,Materials,6234.5,17312.34,53.6,3.67,3.61,24.5,24.37,0.34,11.2,-11.19,-12.16,5.26
BATAINDIA,Footwear,Consumer Discretionary,1449.4,17304.95,65.92,12.03,4.89,27.52,22.34,0.89,19.86,-10.87,-13.44,5.27
ACE,Heavy Machinery,Industrials,1515.65,17276.6,52.65,18.78,5.78,62.99,35.44,0.07,20.5,215.01,81.24,0.47
HSCL,Commodity Chemicals,Materials,382,17269.79,42.04,5.68,4.09,42.67,24.93,0.14,15.44,190.16,29.65,2.78
JINDALSAW,Building Products - Pipes,Industrials,561.4,17261.96,10.29,1.84,0.82,6.66,6.12,0.74,20.07,138.54,28.01,1.68
POLYMED,Health Care Equipment & Supplies,Health Care,1964.9,17233.11,66.73,13.88,11.99,90.31,40.72,0.17,15.39,71.82,30.5,17.64
AFFLE,Advertising,Communication Services,1240.05,17202.02,57.87,11.72,9.05,66.09,39.94,0,18.48,21.07,-1.13,1.72
BSOFT,IT Services & Consulting,Information Technology,690.85,17064.65,27.36,6.97,3.17,30.42,17.16,0.64,13.18,106.01,-3.61,12.37
ANANDRATHI,Asset Management,Financials,3995.4,17022.03,75.66,25.73,22.64,61.33,52.47,0.34,39.41,364.47,57.05,1.29
DATAPATTNS,Aerospace & Defense Equipments,Industrials,2993.5,17017.73,93.66,14.58,30.08,99999,61.35,0.21,14.24,55.81,50.96,-8.84
NUVAMA,Diversified Financials,Financials,5227.65,16841.48,26.93,7.46,5.33,99999,17.85,0,14.63,100.1,44.41,4.17
CHALET,"Hotels, Resorts & Cruise Lines",Consumer Discretionary,802.45,16813.35,60.44,9.73,11.7,35.26,32.03,0.12,11.31,91.68,20.03,4.03
CAMS,Diversified Financials,Financials,3571.45,16805.74,47.52,18.35,14.28,41.86,29.85,1.36,41.65,63.87,33.4,9.82
GRSE,Shipbuilding,Industrials,1770.4,16721.16,46.81,11.83,4.3,11.53,23.37,0.54,17.08,195.98,108.38,64.67
GSPL,Gas Distribution,Utilities,303.3,16680.91,10.05,1.31,0.95,4.99,5.15,1.69,14.15,2.12,5.35,2.24
IIFL,Investment Banking & Brokerage,Financials,473.2,16680.28,9.46,1.63,1.59,99999,18.92,0.94,18,-5.72,-26.8,20.78
NAVINFLUOR,Specialty Chemicals,Materials,3637.85,16637.96,61.51,7.61,7.66,99999,34.43,0.21,18.62,-21.63,-5.94,5.42
TITAGARH,Rail,Industrials,1486.05,16525.82,57.75,17.15,4.24,403.86,34.47,0.06,14.42,217.94,41.82,15.68
CHAMBLFERT,Fertilizers & Agro Chemicals,Materials,467.65,16264.48,12.75,2.28,0.89,5.02,7.43,1.92,15.22,68.01,34.11,10.37
REDINGTON,Technology Hardware,Information Technology,214.87,16131.92,13.24,2.21,0.18,99999,8.33,0,20.78,14.78,22.5,4.31
JAIBALAJI,Iron & Steel,Materials,883.85,16093.92,18.3,28.94,2.43,50.15,15.07,0,-99999,1064.49,16.14,-6.94
SUVENPHAR,Pharmaceuticals,Health Care,734.4,16092.32,53.59,9.27,14.46,35.69,33.52,0,25.21,51,6.8,16.22
VGUARD,Electrical Components & Equipments,Industrials,410.9,16000.61,62.12,9.95,3.27,37.75,35.67,0.38,12.52,61.14,41.89,12.52
KSB,Industrial Machinery,Industrials,4616.05,15887.87,76.11,12.2,6.94,112.28,46.57,0.38,17.07,111.94,34.72,-1.61
WELCORP,Iron & Steel,Materials,528.75,15822.98,14.26,3.26,0.89,99999,8.28,0.83,4.22,103.44,-1.77,-12.28
KARURVYSYA,Private Banks,Financials,214.82,15819.15,9.86,1.84,1.6,13,5.3,1.22,13.67,73.87,27.38,8.24
IFCI,Specialized Finance,Financials,62.62,15668.48,151.15,2.35,7.4,99999,25.05,0,-3.55,415.39,107.35,3.9
GRINFRA,Construction & Engineering,Industrials,1711.25,15601.26,11.79,2.49,1.66,84.6,8.06,0,26.26,36.94,39.05,7.7
UTISENSETF,Equity,ETF,835.31,15503,99999,99999,99999,99999,99999,0,-99999,22.52,8.58,5.77
APTUS,Home Financing,Financials,347.65,15453.22,25.25,4.63,10.91,99999,23.41,1.45,16.08,29.89,5.36,15.89
RBLBANK,Private Banks,Financials,266.11,15427.68,12.25,1.14,1,99999,5.12,0.58,7.06,54.76,-7.04,2.98
INDIAMART,Online Services,Communication Services,2593.7,15347.83,45.96,8.84,10.91,27.45,26.14,0.78,17.6,-12.23,-7.68,-2.07
JYOTHYLAB,FMCG - Household Products,Consumer Staples,439.15,15312.6,41.45,9.87,5.45,46.6,28.26,0.84,16.23,105.69,-6.83,-0.46
MANAPPURAM,Consumer Finance,Financials,190.26,15269.68,6.98,1.58,1.71,99999,12.92,1.97,16.58,49.63,10.14,6.05
DCMSHRIRAM,Diversified Chemicals,Materials,1037.85,15224.1,34.05,2.33,1.35,19.18,15.34,0.71,7.03,20.65,-6.23,1.38
CONCORDBIO,Pharmaceuticals,Health Care,1575.9,15186.61,49.29,9.95,14.41,57.21,31.76,0.6,21.88,67.15,18.73,8.76
ABSLAMC,Asset Management,Financials,659.1,15162.47,19.43,6.02,9.24,34.67,14.47,2.56,25.31,78.91,40.49,27.74
ENGINERSIN,Construction & Engineering,Industrials,264.19,15124.56,33.97,7.71,4.32,99999,26.93,1.11,18.56,131.75,59.44,1.09
ASTRAZEN,Pharmaceuticals,Health Care,6379.45,15061.88,93.26,25.59,11.18,258.4,61.82,0.4,18.05,74.75,37,11.14
TBOTEK,Tour & Travel Services,Consumer Discretionary,1582.3,15061.67,99999,44.67,99999,63.44,99999,0,50.69,12.52,12.52,10.45
TTML,Telecom Services,Communication Services,77.56,15023.62,99999,99999,12.44,25.63,64.4,0,-99999,3.34,-18.06,0.82
KIMS,Hospitals & Diagnostic Centres,Health Care,2093.15,15009.61,48.4,7.75,5.98,34.74,24.22,0,20.09,23.1,5.82,7.13
HFCL,Telecom Equipments,Communication Services,127.03,14871.69,45.09,4.73,3.26,62.91,22.71,0.19,10.1,85.45,56.73,22.05
INGERRAND,Industrial Machinery,Industrials,4633.05,14819.44,66.64,25.64,11.94,100.09,45.77,1.49,32.32,59.75,44.8,-5.18
RAYMOND,Apparel & Accessories,Consumer Discretionary,2438.9,14817.34,9.05,2.93,1.44,27.79,7.06,0.45,40.74,40.87,39.84,11.39
ASAHIINDIA,Auto Parts,Consumer Discretionary,669.5,14686.28,44.78,7.15,3.36,36.57,21.11,0.33,19.22,37.04,19.05,10.39
OLECTRA,Electrical Components & Equipments,Industrials,1776,14646.08,190.63,17.41,12.48,99999,78.78,0.02,8.11,84.43,39.4,4.83
AADHARHFC,Consumer Finance,Financials,402.75,14582.67,99999,3.94,99999,99999,99999,0,15.92,22.25,22.25,18.58
CLEAN,Specialty Chemicals,Materials,1394.1,14577.24,59.74,14.43,17.5,52.18,38.14,0.36,33.2,0.68,-7.98,2.08
ZEEL,TV Channels & Broadcasters,Communication Services,154.34,14566.28,102.99,1.36,1.66,112.92,19.94,0.66,0.44,-16.69,-43.19,15.35
CHENNPETRO,Oil & Gas - Refining & Marketing,Energy,974.1,14506.95,5.28,2.08,0.22,2.52,4.04,5.65,67.51,148.27,37.54,11.23
CENTURYPLY,Wood Products,Materials,722.4,14504.56,44.44,7.59,3.69,33.13,25.76,0,22.13,16.48,-12.1,6.55
GESHIP,Oil & Gas - Storage & Transportation,Energy,1191.85,14458.03,5.53,1.41,2.44,4.86,3.47,3.58,28.1,59.23,21.34,16.24
SONATSOFTW,IT Services & Consulting,Information Technology,563.55,14378.61,46.61,11.05,1.65,53.57,20.69,2.2,37.66,10.98,-25.57,4.93
PNCINFRA,Construction & Engineering,Industrials,465.6,14348.24,15.78,3.35,1.64,99999,9.4,0.11,16.64,40.35,33.28,4.07
J&KBANK,Private Banks,Financials,121.37,14331.89,8.1,1.45,1.19,99999,2.28,1.55,13.14,113.87,-4.77,-6.45
HBLPOWER,Batteries,Industrials,506.85,14256.14,50.76,14.98,6.33,116.43,34.35,0.1,10.86,232.14,15.11,-4.48
ZENSARTECH,IT Services & Consulting,Information Technology,711.4,14136.54,21.26,4.75,2.79,19.79,12.84,1.44,11.57,79.62,18.12,14.05
IEX,Power Trading & Consultancy,Utilities,181.25,14027.56,39.99,17.55,24.97,99999,27.15,0.63,40.72,40.78,17.54,15.59
JPPOWER,Renewable Energy,Utilities,18.96,14015.32,13.71,1.34,1.96,18.26,8.58,0,0.53,203.36,34.47,-3.68
HONASA,FMCG - Personal Products,Consumer Staples,426.65,13961.95,124.91,23.04,7.09,99999,73.48,0,-21.78,26.56,1.41,6.53
RHIM,Cement,Materials,660.6,13933.68,99999,4.68,3.67,58.48,66.13,0.34,-23.25,-2.21,-13.02,4.25
BIKAJI,FMCG - Foods,Consumer Staples,724.5,13928.76,52.42,14.63,5.91,79.07,33.44,0.18,14.5,74.49,33.07,34.93
WELSPUNLIV,Textiles,Consumer Discretionary,144.44,13805.27,20.27,3.29,1.41,18.26,10.27,0.07,4.81,60.69,-7.05,2.63
RAILTEL,Communication & Networking,Information Technology,426.8,13750.61,55.85,8.34,5.24,59.91,27.43,0,11.91,231.62,35.58,5.35
FINEORG,Specialty Chemicals,Materials,4721.7,13494.99,32.76,8.76,6.15,27.81,21.57,0.23,49.44,-3.72,1.29,6.79
FSL,Outsourced services,Information Technology,198.55,13441.96,26.12,3.99,2.11,16.91,14.72,1.81,16.05,52.79,6.12,1.85
WESTLIFE,Restaurants & Cafes,Consumer Discretionary,816.85,13427.43,193.98,23.73,5.57,38.53,37.65,0,21.71,-5.4,-1.19,-3.29
BLS,Outsourced services,Information Technology,367.9,13171,42.09,15.73,7.67,50.55,33.03,0.31,28.54,88.62,19.12,13.14
PVRINOX,Theatres,Communication Services,1390.45,13140.69,99999,1.79,2.1,15.21,10.59,0,-7.7,-2.28,-23.25,6.27
ALOKINDS,Textiles,Consumer Discretionary,29.52,13083.41,99999,99999,2.36,16.09,520.74,0,-99999,73.65,28.63,3.32
GMDCLTD,Mining - Diversified,Materials,397.1,13022.1,21.1,2.25,4.76,13.98,14.37,2.09,22.9,147.18,-3.84,-6.45
ANANTRAJ,Real Estate,Real Estate,441.9,13007.23,49.85,4.55,8.55,99999,37.91,0.18,5.46,161.17,45.75,14.25
KIRLOSBROS,Industrial Machinery,Industrials,2126,13003.61,37.35,9.24,3.2,39.5,21.91,0.37,18.16,246.93,128.17,19.6
SPLPETRO,Specialty Chemicals,Materials,760,12985.19,37.48,6.43,2.42,23.31,22.33,1.59,17.94,83.86,36.05,5.07
CUBEINVIT,Roads,Industrials,100,12906.89,37.11,0.92,6.8,6.9,19.58,0,4.98,-99999,-99999,-99999
ELECON,Heavy Electrical Equipments,Industrials,1302.6,12856.99,36.16,8.02,6.47,35.24,23.73,0.26,24.67,121.38,43.77,12.11
AAVAS,Home Financing,Financials,1935.75,12814.7,26.12,3.92,6.34,99999,32.38,0,14.14,41.12,26.6,20.66
AIIL,Diversified Financials,Financials,1009.95,12807.17,2.99,3.75,2.87,52.34,3.28,0,131.67,189.01,25.57,21.86
VTL,Textiles,Consumer Discretionary,480.35,12761.28,20.21,1.47,1.29,6.89,9.7,0.89,9.64,37.76,18.71,7.77
KFINTECH,Business Support Services,Industrials,692.25,12761.13,51.87,14.66,14.8,57.13,32.44,0.76,23.91,92.32,41.8,-5.88
MGL,Gas Distribution,Utilities,1446.05,12752.71,9.99,3.08,1.97,13.16,5.61,2.32,20.44,40.25,21.54,12.09
TECHNOE,Construction & Engineering,Industrials,1432.45,12670.53,47.2,6.56,7.73,135.72,32.72,0,9.92,292.94,87.52,33.74
RKFORGE,Rail,Industrials,844.3,12664.42,37.09,9.58,3.18,16.99,16.07,0.25,20.68,95.44,12.02,10.68
INDGN,Business Support Services,Industrials,569.9,12657.33,99999,11.9,99999,97.2,99999,0,29.12,-0.18,-0.18,5.25
RAINBOW,Hospitals & Diagnostic Centres,Health Care,1297.9,12637.47,58.24,11.87,9.47,38.62,28.13,0.24,25.23,35.18,11.35,-3.31
GPIL,Iron & Steel,Materials,1110.75,12595.3,13.45,3.19,2.26,13.09,8.31,0,21.48,127.71,57.31,18.62
AMBER,Home Electronics & Appliances,Consumer Discretionary,3998.9,12555.8,94.48,6.43,1.85,39.17,24.42,0,8.44,89.76,24.67,1.71
NEWGEN,Software Services,Information Technology,928.5,12393.53,49.26,12.69,9.59,90.9,35.96,0.45,19.72,186.86,30.27,-4.34
INTELLECT,Software Services,Information Technology,1057.85,12269.05,38.2,5.01,4.78,29.91,20.31,0.39,14.21,71.74,32.55,16.36
SCI,Logistics,Industrials,274.32,12227.22,18.01,1.77,2.29,8.34,8.37,0.19,13.52,163.64,62.27,22.28
VOLTAMP,Heavy Electrical Equipments,Industrials,11654.9,12105.94,39.39,10.93,7.1,72.07,29.22,0.75,19.51,186.92,80.84,1.68
HAPPSTMNDS,IT Services & Consulting,Information Technology,887.65,12085.76,48.66,8.16,7,56.86,25.87,0.71,21.42,-3.14,-4.11,8.44
TANLA,Software Services,Information Technology,944.3,12063.74,22,7.95,3.04,48.9,14.76,0.67,31.18,-8.25,-13.04,6.84
NETWEB,IT Services & Consulting,Information Technology,2660.55,11998.6,158.11,128.09,16.3,442.26,105.07,0.08,68.01,192.24,121.45,15.05
ERIS,Pharmaceuticals,Health Care,1042.8,11941.57,30.46,5.38,5.87,40.93,18.26,0,18.51,53.95,17.69,18.02
UTIAMC,Asset Management,Financials,1028.85,11790.54,15.4,3.05,6.76,29.82,11.11,5.06,11.66,51.98,18.14,13.31
PTCIL,Iron & Steel,Materials,13755.25,11747.58,278.25,38.31,43.47,251.02,138.25,0,10.86,241.12,130.2,85.71
AKZOINDIA,Specialty Chemicals,Materials,2773.9,11714.33,27.46,8.9,2.93,24.09,16.8,2.92,26.02,13.39,6.39,7.64
PGINVIT,Power Transmission & Distribution,Utilities,95.93,11516.95,12.43,1.41,8.84,9.36,8.34,2.37,11.23,-16.66,1.06,-2.03
LEMONTREE,"Hotels, Resorts & Cruise Lines",Consumer Discretionary,144.9,11512.54,77.54,8.15,10.68,29.91,26.85,0,8.15,53.17,18.97,-2.09
GRAPHITE,Electrical Components & Equipments,Industrials,594.4,11504.69,14.24,2.32,2.73,99999,9.39,1.87,4.02,43.14,8.51,-6.39
INOXINDIA,Sea-Borne Tankers,Energy - Fossil Fuels,1354.25,11474.78,58.54,17.68,9.87,91.37,39.89,0.87,32.71,44.08,44.08,1.68
NUVOCO,Cement,Materials,350.3,11404,77.38,1.29,1.06,6.66,9.65,0,0.18,-0.96,-6.51,10.7
RTNINDIA,Power Trading & Consultancy,Utilities,80.19,11274.95,26.46,27.03,1.82,99999,20.78,0,-51,109.37,-3.68,4.66
KPIGREEN,Renewable Energy,Utilities,1794.2,11231.25,69.47,43.55,10.9,70.47,34.51,0.03,53.27,316.9,101.11,-5.65
JUBLPHARMA,Pharmaceuticals,Health Care,731.3,11187.48,145.1,2.07,1.65,16.93,16.78,0.71,-1.14,78.45,41.83,2.9
FORCEMOT,Four Wheelers,Consumer Discretionary,8951,11179.79,28.81,5.96,1.59,21.02,12.84,0.24,7.37,306.53,142.51,2.36
EIDPARRY,Sugar,Consumer Staples,814.8,11115.26,12.35,1.17,0.37,31,5.09,1.6,10.74,73.49,44.88,16.06
BIRLACORPN,Cement,Materials,1539.9,11106.1,26.41,1.86,1.14,13.79,9.73,0.69,0.67,29.01,8.73,5.89
MMTC,Commodities Trading,Industrials,83.41,11085,57.68,7.85,29.72,14.71,48.49,0,247.26,158.24,37.98,10.89
DBREALTY,Real Estate,Real Estate,192.55,11059.64,8.38,5.14,6.55,114.8,9.25,0,-4.55,145.44,-3.8,-4.97
DOMS,Office Supplies,Industrial & Commercial Services,1954.85,10945.25,71.47,30.8,7.07,63.17,39.11,0,31.24,47.42,47.42,8.22
ZYDUSWELL,FMCG - Foods,Consumer Staples,1834.45,10909.41,40.87,2.13,4.66,118.96,36.05,0.29,6.23,23.32,13.73,4.89
BAJAJELEC,Home Electronics & Appliances,Consumer Discretionary,1049.95,10865.29,82.44,5.7,2.3,24.16,30.86,0.36,11.97,-3.66,4.23,12.63
AETHER,Specialty Chemicals,Materials,878.65,10859.84,131.67,8.73,17.04,99999,68.31,0,15.99,-11.99,-4.91,8.63
EQUITASBNK,Private Banks,Financials,105.08,10850.27,13.58,2.1,1.73,99999,9.04,1.02,12.2,19.54,-0.45,8.73
JKTYRE,Tires & Rubber,Consumer Discretionary,392.8,10844.8,13.79,3.1,0.72,8.86,7.42,1.02,8.15,105.87,3.72,-1.41
USHAMART,Iron & Steel,Materials,389.05,10832.05,25.55,5.32,3.3,43.05,17.03,0.78,18.76,38.98,25.16,12.56
ECLERX,Outsourced services,Information Technology,2382.2,10819.81,21.16,6.3,3.62,21.97,12.31,0.04,29.76,33.83,-6.01,1.59
VESUVIUS,Industrial Machinery,Industrials,5395,10763.62,50.55,9.02,6.57,130.66,31.87,0.24,19.43,140.55,49.67,5.4
ICICIB22,Equity,ETF,110.72,10739.05,99999,99999,99999,99999,99999,0,-99999,67.83,23.89,3.24
CUB,Private Banks,Financials,157.05,10728.63,10.56,1.44,1.78,106.86,3.31,1.04,13.35,26.3,-3.18,4.59
BBTC,Tea & Coffee,Consumer Staples,1621.55,10720.8,15.66,1.84,0.61,4.33,4.23,0.08,-26.59,55.45,20.5,5.42
RPOWER,Power Generation,Utilities,30.83,10685.14,99999,0.8,1.04,2.66,19.85,0,-3.53,96.37,29.81,17.94
MAPMYINDIA,Software Services,Information Technology,2008.05,10664.89,79.61,19.67,25.54,118.64,53.73,0.18,21.71,71.83,-4.81,-1.02
BANKBEES,Equity,ETF,526.16,10625.95,99999,99999,99999,99999,99999,0,-99999,18.49,7.69,5.23
GODREJAGRO,Agro Products,Consumer Staples,618.5,10535.89,29.29,3.84,1.09,12.05,15.53,1.82,11.12,35.77,10.41,8.51
GRANULES,Pharmaceuticals,Health Care,468.9,10390.35,25.64,3.67,2.3,14.06,13.03,0.35,19.06,59.08,17.15,17.14
ELECTCAST,Building Products - Pipes,Industrials,165.59,10305.14,13.93,2.35,1.36,22.79,9.73,0.81,7.44,195.17,43.18,-3.7
GLS,Pharmaceuticals,Health Care,845.6,10294.73,21.86,4.81,4.49,32.85,14.58,2.68,22.28,42.33,31.02,5.52
UJJIVANSFB,Private Banks,Financials,50.05,10238.51,7.99,2.43,1.58,9.66,4.56,0,31.37,34.12,-16.16,-6.87
MAHSEAMLES,Building Products - Pipes,Industrials,676.2,10222.8,10.75,2.14,1.84,11.21,7.33,1.31,17.46,43.01,-27.17,-16.88
MOIL,Mining - Manganese,Materials,507.55,10189.52,34.74,4.54,6.6,48.05,17.38,1.21,11.43,210.62,63.83,-4
HAPPYFORGE,"Auto, Truck & Motorcycle Parts",Automobiles & Auto Parts,1198,10130.79,41.7,10.25,7.39,48.37,25.81,0,23.5,16.22,16.22,15.4
METROPOLIS,Hospitals & Diagnostic Centres,Health Care,1949.35,10095.92,78.99,10.19,8.3,40.86,35.17,0,15.21,41.82,18.98,6.76
LATENTVIEW,IT Services & Consulting,Information Technology,495.75,10064.02,63.44,8.33,14.09,103.28,44.29,0,13.92,41.16,5.61,1.31
PURVA,Real Estate,Real Estate,420.55,10052.78,237.88,5.04,4.45,69.24,23.84,1.49,3.29,360.37,118.13,-4.43
ALKYLAMINE,Specialty Chemicals,Materials,2004.95,10021.58,67.32,7.91,6.88,36.45,37.6,0.51,12.22,-26.43,-14.09,-1.77
TEGA,Industrial Machinery,Industrials,1661.45,10005.61,51.61,9.54,6.59,56.04,29.56,0,20.62,79.66,57.66,8.58
HGINFRA,Construction & Engineering,Industrials,1729.35,9965.97,18.5,5.19,1.84,99999,10.57,0.1,29.38,96.26,98.78,28.26
CAPLIPOINT,Pharmaceuticals,Health Care,1401.8,9897.87,21.65,5.19,5.62,36.47,15,0.19,22.02,72.15,8.09,7.21
GPPL,Ports,Industrials,199.79,9896.01,28.93,4.28,9.22,26.74,15.02,1.81,13.75,75.1,33.42,-3.25
REDTAPE,Retail - Apparel,Consumer Discretionary,761.65,9873.83,56.02,20.71,5.32,79.51,30.27,0,34.98,54.23,64.08,3.42
GENUSPOWER,Electronic Equipments,Information Technology,304.9,9862.91,113.8,10.06,7.68,114.22,44.74,0,2.99,171.26,30.55,-4.68
SFL,Home Furnishing,Consumer Discretionary,938.95,9846.89,53.97,6.12,3.15,46.45,21.96,0,13.37,-21.54,-25.49,0.98
MINDACORP,Auto Parts,Consumer Discretionary,466.9,9839.45,43.3,6.19,2.11,25.4,19.6,0.79,19.48,63.28,16.42,12.64
SAFARI,Apparel & Accessories,Consumer Discretionary,2084.5,9837.57,55.96,23.11,6.29,194.23,33.94,0.19,34.42,37.82,-1.9,-0.69
CANFINHOME,Home Financing,Financials,866.25,9834.1,13.1,2.7,2.79,99999,39.78,0.81,18.51,16.24,10.61,17.38
THOMASCOOK,Tour & Travel Services,Consumer Discretionary,240.25,9789.78,37.79,5.85,1.32,15.09,16.58,0.19,0.39,218.21,66.49,4.71
TTKPRESTIG,Home Electronics & Appliances,Consumer Discretionary,757.85,9727.24,42.57,5.01,3.53,48.89,23.79,0.86,13.85,1.68,-0.23,6.61
BIRET,Real Estate,Real Estate,268.06,9717.19,99999,1.17,5.24,10.54,11.28,6.12,1.52,1.8,7.05,3.3
JUNIPER,"Hotels, Resorts & Cruise Lines",Consumer Discretionary,483.35,9683.3,406.86,27.31,11.72,33.81,37.9,0,-0.42,20.39,20.39,3.65
IBULHSGFIN,Home Financing,Financials,173.72,9659.28,7.95,0.56,1.12,2.41,32.84,1.04,6.64,72.62,-14.71,7.45
GNFC,Fertilizers & Agro Chemicals,Materials,696.95,9645.19,19.41,1.06,1.15,7.02,7.54,2.66,17.22,18.44,-5.65,5.3
CEATLTD,Tires & Rubber,Consumer Discretionary,2486.4,9598.6,14.94,2.78,0.8,7.96,7.34,1.26,5.51,21.49,1.9,4.83
INDIGRID,Power Transmission & Distribution,Utilities,135.43,9591.9,33.61,1.9,3.21,4.71,8.99,2.59,8.65,-0.32,4.94,-1.41
PRAJIND,Construction & Engineering,Industrials,684.3,9575.74,33.79,8.88,2.73,59.06,20.9,1.15,24.05,73.99,21.85,31.92
ELANTAS,Electrical Components & Equipments,Industrials,12133.15,9525.74,69.38,13.01,13,71.4,45.65,0.04,20.64,90.04,54.11,5.63
PCBL,Commodity Chemicals,Materials,253.73,9500.73,19.35,3.35,1.47,18.85,9.72,2.19,16.18,60.79,-0.69,-5.49
NATIONSTD,Real Estate,Real Estate,4747.25,9500,644.5,38.87,250.73,740.45,476.14,0,3.44,-3.99,1.61,-2.63
BENGALASM,Diversified Financials,Financials,8544.9,9484.96,2.44,1.27,0.57,6.6,3.14,0.48,13.77,75.48,9.17,4.73
JKLAKSHMI,Cement,Materials,831.25,9478.32,20.09,3.34,1.38,14.94,9.34,0.81,13.35,14.49,-3.51,7.52
ARVIND,Apparel & Accessories,Consumer Discretionary,369.6,9417.39,27.98,2.77,1.21,14.14,12.29,1.32,12.62,180.32,48.79,-0.97
CRAFTSMAN,Industrial Machinery,Industrials,4890.5,9358.05,30.74,5.34,2.09,18.23,12.4,0.25,19.09,21.02,-7.08,7.57
SARDAEN,Iron & Steel,Materials,227.61,9306.39,17.79,2.65,2.3,13.27,10.3,0.38,18.2,61.27,-11.68,-14.37
CERA,Building Products - Ceramics,Industrials,8118,9267.08,38.78,6.82,4.78,39.26,23.56,0.84,18.81,2.6,-0.34,12.49
SAREGAMA,Movies & TV Serials,Communication Services,556.8,9199.03,46.56,6.84,10.61,98.46,27.26,0.9,13.6,74.68,51.99,29.25
KIRLFER,,,699.35,9151.21,38.43,3.04,1.48,11.47,13.5,0.46,14,45.56,26.16,7.91
QUESS,Employment Services,Industrials,609.05,9112.54,32.8,3.34,0.48,19.54,13.9,1.63,8.47,40.41,17.12,-1.08
MAHLIFE,Real Estate,Real Estate,630.8,9063.49,92.26,5.02,19.76,99999,120.12,0.45,5.57,36.2,17.82,2.58
ROUTE,IT Services & Consulting,Information Technology,1547.65,9023.97,24.06,4.94,2.21,123.26,14.56,0.76,18.67,-1.64,-3.67,8.23
MIDHANI,Metals - Diversified,Materials,459.95,8985.76,97.89,6.99,8.15,99999,42.12,0.29,12.63,61.87,12.66,-3.16
GSFC,Fertilizers & Agro Chemicals,Materials,239.82,8949.81,15.87,0.74,0.94,9.69,8.36,1.78,10.63,49.98,3.86,-1.8
SBFC,Specialized Finance,Financials,86.28,8944.91,37.72,3.22,8.77,99999,37.79,0,10.53,-6.42,-6.62,4.62
RAJESHEXPO,"Precious Metals, Jewellery & Watches",Consumer Discretionary,287.35,8939,26.64,0.61,0.03,19.3,13.27,0,10.54,-49.27,-25.34,-4.6
ESABINDIA,Industrial Machinery,Industrials,6094.55,8901.32,54.62,34.2,7.12,68.87,37.79,1.07,53.79,52.54,3.46,5.71
RENUKA,Sugar,Consumer Staples,51.1,8875.8,99999,99999,0.78,9.58,19.74,0,-99999,17.88,4.93,12.49
SAPPHIRE,Restaurants & Cafes,Consumer Discretionary,1559.3,8866.9,167.93,7.07,3.37,23.22,19.29,0,20.66,13.41,10.67,9.27
GALAXYSURF,Specialty Chemicals,Materials,2654.5,8838.16,29.32,4.69,2.31,15.43,17.92,0.88,22.04,-6.8,-4.04,2.01
TRIL,Heavy Electrical Equipments,Industrials,768.45,8819.73,198.2,15.67,6.78,302.67,64.7,0.03,9.23,789.03,305.09,26.42
IWEL,Heavy Electrical Equipments,Industrials,7057.9,8775.27,99999,3.69,4.85,99999,39.46,0,-16.46,208.02,48.3,-4.07
IBREALEST,Real Estate,Real Estate,136.92,8771.82,99999,2.39,18.71,99999,99999,0,-17.15,122.09,42.33,7.86
INFIBEAM,IT Services & Consulting,Information Technology,31.9,8766.07,55.44,2.77,2.74,77.56,30.37,0.15,4.56,101.26,40.84,0.22
STARCEMENT,Cement,Materials,217.22,8750.51,29.65,3.62,2.98,23.32,14.54,0,10.8,51.32,22.9,-5.19
VARROC,Auto Parts,Consumer Discretionary,678.1,8749.31,16.63,8.71,1.15,13.24,12.4,0,-54.33,110.9,27.18,17.38
ISGEC,Heavy Machinery,Industrials,1256.95,8736.78,35.85,3.65,1.4,42.07,18.76,0,8.55,97.59,32.65,15.28
HEG,Electrical Components & Equipments,Industrials,2305.7,8733.58,28.02,2.04,3.34,77.07,14.3,0.99,12.99,41.28,26.37,-11.36
RCF,Fertilizers & Agro Chemicals,Materials,185.22,8675.3,38.51,1.89,0.5,11.02,14.61,0.79,22.81,70.55,19.34,18.54
MAHSCOOTER,Two Wheelers,Consumer Discretionary,8047.05,8661.48,43.46,0.45,38.75,41.49,42.3,2.24,0.93,47.86,1.23,6.55
BANKNIFTY1,Equity,ETF,528.37,8642.35,99999,99999,99999,99999,99999,0,-99999,19.05,7.86,4.96
NETWORK18,Movies & TV Serials,Communication Services,84.09,8605.92,99999,1.87,0.85,99999,127.17,0,-1.83,26.45,-4.06,2.5
WOCKPHARMA,Pharmaceuticals,Health Care,572.6,8600.42,99999,2.35,2.99,39.27,99.36,0,-12.64,143.82,37.86,3.19
SHRIPISTON,Auto Parts,Consumer Discretionary,1927.1,8571.66,19.37,5.56,2.7,21.69,11.28,1.03,20.99,133.21,74.62,-4.97
AHLUCONT,Construction & Engineering,Industrials,1206,8560.68,22.84,6.97,2.09,28.41,12.96,0.04,17.14,91.95,47.09,-0.46
SYRMA,Electronic Equipments,Information Technology,475.7,8501,79.2,5.51,2.65,99999,34.19,0.31,11.23,7.97,-29.71,16.47
AZAD,Renewable Energy Equipment & Services,Industrials,1981.8,8473.26,144.67,41.54,22.73,99999,58.7,0,5.23,192.52,192.52,30.46
SHOPERSTOP,Retail - Department Stores,Consumer Discretionary,732.9,8448.33,109.36,41,1.93,15.55,14.02,0,82.28,-8.73,7.49,-3.67
RATEGAIN,Software Services,Information Technology,752.15,8438.42,58.04,11.89,8.45,162.53,35.19,0,10.3,91.1,4.92,6.76
EMIL,Home Electronics & Appliances,Consumer Discretionary,237.9,8418.3,45.76,7.11,1.34,99999,20.99,0,13.79,190.48,17.16,7.13
SANDUMA,Mining - Diversified,Materials,603.5,8408.8,35.12,4.35,6.3,59.06,19.03,0.19,15.07,182.65,37.42,1.99
EUREKAFORBE,,,429.75,8400.87,87.83,2.05,3.82,46.51,43.92,0,0.65,-25.97,-17.66,-5.37
MEDPLUS,Online Services,Communication Services,698.55,8378.41,127.93,5.62,1.48,92.67,22.82,0,3.42,-12.7,-8.73,1.55
ANURAS,Specialty Chemicals,Materials,782.15,8375.57,65.12,3.34,5.56,28.68,21.18,0.16,8.54,-27.67,-24.18,2.1
SETFNIF50,Equity,ETF,247.58,8375.51,99999,99999,99999,99999,99999,0,-99999,27.14,10.59,5.02
EBBETF0423,Debt,ETF,1230.39,8369.7,99999,99999,99999,99999,99999,0,-99999,-99999,-99999,-99999
RESPONIND,Building Products - Granite,Industrials,317.35,8363.51,51.86,8.05,7.57,1201.65,32.88,0.03,2.35,84.99,-0.05,3.62
KTKBANK,Private Banks,Financials,226.91,8350.39,6.39,1.02,0.87,4.56,1.4,0,15.41,44.44,-5.41,0.91
ZENTEC,Electronic Equipments,Information Technology,1178.05,8144.67,63.69,24.66,17.82,70,40.37,0.1,13.78,197.37,55.18,25.22
NEULANDLAB,Pharmaceuticals,Health Care,6500.6,8125.87,27.08,8.17,5.17,34.26,17.25,0.22,17.83,121.83,24.86,5.45
MHRIL,"Hotels, Resorts & Cruise Lines",Consumer Discretionary,435.15,8124.95,70.33,20.39,2.88,11.92,15.91,0,34.97,50.52,13.76,6.34
RTNPOWER,Power Generation,Utilities,18.07,8108.86,0.91,99999,0.57,7.99,1.59,0,-99999,335.42,93.26,33.12
RUSTOMJEE,Real Estate,Real Estate,707.75,8100.87,72.19,4.8,3.52,26.46,45.51,0,6.19,27.8,20.28,0.25
JUSTDIAL,Online Services,Communication Services,998.8,8050.76,22.18,2,5.97,31.07,6.73,0,9.44,29.8,23.69,2.2
JUBLINGREA,Specialty Chemicals,Materials,555.8,8034.73,43.93,3.01,1.93,17.37,18.31,0.99,12.06,19.81,15.47,-2.76
PGHL,Pharmaceuticals,Health Care,5004.2,7962.64,34.7,10.6,6.38,33.74,21.96,1.28,33.56,-1.65,0.01,4.2
VIJAYA,Hospitals & Diagnostic Centres,Health Care,775.6,7950.63,66.91,14.54,13.98,48.3,33.15,0.13,16.66,91.42,23.41,-1.42
KAMAHOLD,Conglomerates,Industrials,2566.55,7931.51,9.08,0.73,0.59,2.63,6.53,0,12.7,4.7,-6.56,-2.37
STAR,Pharmaceuticals,Health Care,956.75,7889.99,99999,3.63,1.9,177.66,22.25,0,-8.89,126.74,59.07,13.7
PICCADIL,Sugar,Consumer Staples,754.55,7882.52,71.82,34.05,9.74,210.54,44.54,0,10.19,1038.59,212.7,-10.99
TVSSCS,Logistics,Industrials,174.29,7844.92,99999,10.32,0.85,11.02,14.53,0,5.26,-13.09,-14.48,-0.47
BALRAMCHIN,Sugar,Consumer Staples,440.85,7836.95,14.66,2.71,1.35,17.3,9.72,0.77,10.03,11.59,11.09,12.86
POWERMECH,Construction & Engineering,Industrials,4998,7834.04,31.55,6.14,1.85,42.98,15.65,0.04,18,50.51,17.31,1.48
EASEMYTRIP,Tour & Travel Services,Consumer Discretionary,42.89,7814.7,75.8,21.1,12.83,99999,50.42,0,44.28,-1.18,9,-3.62
CAMPUS,Apparel & Accessories,Consumer Discretionary,280.45,7809.97,87.32,14.15,5.38,61.75,37.71,0,23.91,-13.35,-1.39,9.38
ICIL,Textiles,Consumer Discretionary,366.95,7724.12,22.86,4.31,2.15,10.07,13.85,0.56,16.36,87.22,25.11,-2.62
ACI,Commodity Chemicals,Materials,671.9,7712.93,24.18,4.53,5.62,20.33,14.66,0.48,20.36,20.99,8.01,5.81
KNRCON,Construction & Engineering,Industrials,358.15,7658.02,9.85,2.79,1.67,6.41,6.75,0.09,17.26,45.65,34.29,44.63
FDC,Pharmaceuticals,Health Care,461.15,7648.82,25.06,3.86,3.74,49.38,16.34,0,9.86,49.26,17.64,-5.37
MARKSANS,Pharmaceuticals,Health Care,157.91,7633.54,24.33,4.32,3.43,32.15,13.87,0.36,17.83,72.67,-1.67,-3.56
TV18BRDCST,TV Channels & Broadcasters,Communication Services,42.84,7628.9,99999,1.23,0.78,99999,57.13,0,1.86,6.57,-15.67,0.7
MASTEK,IT Services & Consulting,Information Technology,2728.8,7627.49,25.4,4.3,2.48,70.84,15.09,0.75,19.56,37.72,-2.16,6.64
CCL,Tea & Coffee,Consumer Staples,603.1,7610.53,30.43,5.13,2.86,38.37,18.7,0.79,19.68,-8.6,-4.11,7.73
ASTRAMICRO,Communication & Networking,Information Technology,985.2,7595.6,62.74,11.82,8.15,99999,35.63,0.23,11.37,176.97,58.3,34.35
KIRLPNU,Industrial Machinery,Industrials,1285.05,7589.79,56.95,9.54,5.66,190.75,34.9,0.55,14.94,95.76,109.7,4.71
TRIVENI,Sugar,Consumer Staples,414.15,7544.32,19.09,2.83,1.43,18.98,12.19,1.67,78.28,34.55,20.36,8.49
JLHL,Hospitals & Diagnostic Centres,Health Care,1246.8,7533.21,42.65,20.7,6.88,42.71,29.77,0.08,22.35,17.43,6.55,0.16
PRSMJOHNSN,Cement,Materials,168.86,7512.6,41.48,5.12,0.95,12.69,11.54,0,-6.74,32.13,-6.81,13.88
TMB,Private Banks,Financials,473.75,7512.19,7.01,1.08,1.37,99999,2.82,2.11,16.78,11.29,-8.89,0.18
CHEMPLASTS,Building Products - Pipes,Industrials,581.1,7510.2,99999,4.04,1.88,21.13,69.02,0,8.55,28.36,20.65,22.48
GREENLAM,Building Products - Laminates,Industrials,607.3,7494.96,54.16,7.74,3.22,42.79,24.86,0.28,15.82,40.58,6.53,7.53
JMFINANCIL,Investment Banking & Brokerage,Financials,82.47,7463.18,18.21,0.66,1.54,99999,59.41,2.56,5.46,9.96,-19.19,4.01
JSWHL,Asset Management,Financials,6857,7462.16,47.97,0.38,44.01,25.01,47.37,0,1.68,48.29,34.5,2.12
MANINFRA,Construction & Engineering,Industrials,195.94,7456.56,24.82,6.51,5.41,16.64,16.77,0.27,24.92,73.24,-6.67,0.68
EDELWEISS,Diversified Financials,Financials,69.1,7334.93,17.44,0.93,0.76,4.26,47.08,3.49,4.46,34.83,-17.44,-17.03
GRAVITA,Metals - Lead,Materials,1415.9,7322.58,30.61,12.17,2.26,36.68,21.15,0.49,40.12,125.97,29.86,32.67
VIPIND,Apparel & Accessories,Consumer Discretionary,473.4,7295.97,134.36,11.37,3.23,41.72,32.84,0.39,25.36,-27.39,-22.67,-10.29
SPARC,Pharmaceuticals,Health Care,232.98,7257.93,99999,14.15,69.11,99999,99999,0,-81.83,18.44,-11.88,8.04
NAVA,Iron & Steel,Materials,720.6,7252.86,7.69,1.02,1.78,5.93,5.36,0.8,14.51,128.29,55.35,37.94
SOUTHBANK,Private Banks,Financials,27.92,7233.37,6.76,1.08,0.71,99999,0.1,0.94,12.38,67.92,9.92,-0.89
BECTORFOOD,FMCG - Foods,Consumer Staples,1442.35,7211.61,51.38,13.25,4.39,43.96,27.75,0.16,17.78,83.69,28.75,10.27
LLOYDSENGG,Industrial Machinery,Industrials,68.69,7168.33,89.78,36.69,11.35,99999,66.51,0,22.29,183.94,49,11.52
KENNAMET,,,3608.55,7148.86,81.51,10.39,6.61,61.73,45.07,0.61,13.14,38.24,53.88,20.61
LTFOODS,Packaged Foods & Meats,Consumer Staples,260.26,7125.63,12.01,2.55,0.91,27.58,8.05,0,16.28,91.93,29.48,16.56
HOMEFIRST,Home Financing,Financials,1074.65,7119.16,23.29,3.36,6.16,99999,33.03,0,15.52,29.7,7.42,27.29
BALAMINES,Specialty Chemicals,Materials,2243.65,7100.03,34.66,4.18,4.25,18.58,19.79,0.5,21.61,-5.31,-7.01,-0.6
AVANTIFEED,Packaged Foods & Meats,Consumer Staples,639.35,7096.35,19.87,2.99,1.29,15.73,10.31,1.3,12.32,64.67,57.65,19.39
DEEPAKFERT,Fertilizers & Agro Chemicals,Materials,645.5,7063.64,15.96,1.36,0.8,14.32,6.95,1.52,26.32,14.34,-8.5,12.59
RELIGARE,Investment Banking & Brokerage,Financials,224.62,7049.07,30.27,2.63,1.08,4.68,14.82,0,287.29,32.71,1.27,6.53
TCI,Logistics,Industrials,910.15,7010.59,19.98,4.05,1.69,19.44,12.95,0.5,19.9,27.28,12.62,-1.24
CMSINFO,Software Services,Information Technology,461.35,7001.22,20.17,4.48,3.05,17.21,10.42,1.27,21.09,35.37,18.29,9.98
HMT,Industrial Machinery,Industrials,57.33,6995.77,99999,99999,26.79,67.97,99999,0,-99999,91.74,4.9,5.4
SYMPHONY,Home Electronics & Appliances,Consumer Discretionary,1216,6985.69,47.2,7.93,5.79,55.86,32,1.3,13.49,33.59,38.82,22.97
MCLOUD,IT Services & Consulting,Information Technology,597.6,6985.27,67.94,23.51,12.09,43.75,35.52,0,39.48,156.1,29.31,-0.02
PRINCEPIPE,Building Products - Pipes,Industrials,683.65,6972.53,38.21,5.11,2.68,19.36,19.97,0.16,9.24,1.76,-7.34,6.42
LXCHEM,Specialty Chemicals,Materials,254.43,6951.05,57.67,4.92,2.4,34.92,25.38,0.23,9.22,-4.33,-11.7,-3.14
ALLCARGO,Logistics,Industrials,62.73,6918.79,46.22,2.22,0.52,4.37,9.96,1.89,18.91,-13.25,-12.54,-9.83
GAEL,Agro Products,Consumer Staples,140.7,6902.99,19.96,2.84,1.36,28.6,10.98,0.23,14.5,12.58,-26.01,-6.73
PTC,Power Trading & Consultancy,Utilities,206.66,6874.79,16.09,1.17,0.41,1.92,11.34,0,7.82,80.1,11.2,-6.99
CHOICEIN,Investment Banking & Brokerage,Financials,374,6867.61,53.29,14.25,9.04,26.07,36.42,0,13.53,92.91,68.58,9.12
JINDWORLD,Textiles,Consumer Discretionary,354.4,6855.79,90.64,10.55,3.77,22.39,39.81,0.06,19.52,5.82,10.49,2.33
ITDCEM,Construction & Engineering,Industrials,472.45,6832.85,24.96,5.5,0.88,14.51,8.62,0.43,10.46,183.41,60.72,27.04
PRUDENT,Asset Management,Financials,1843.05,6814.09,49.11,19.47,8.26,53.77,32.1,0.12,39.72,100.51,53.38,14.19
HCC,Construction & Engineering,Industrials,47.51,6811.16,14.24,99999,0.85,402.79,6.79,0,-99999,172.68,57.87,28.11
SENCO,"Precious Metals, Jewellery & Watches",Consumer Discretionary,1029.35,6794.06,37.53,7.19,1.29,99999,18.54,0.08,18.96,153.97,38,16.81
PGEL,Electronic Equipments,Information Technology,3182.45,6789.25,50.33,17.15,2.46,148.43,26.66,0.07,21.89,94.49,31.56,35.86
RELINFRA,Power Infrastructure,Utilities,209.82,6772.08,99999,0.49,0.29,1.96,6.56,0,-21.27,39.18,0.08,23.63
NHIT,Roads,Industrials,127.5,6746.84,22.93,0.91,6.92,10.82,12.43,0,3.82,6.74,7.59,-0.39
MSTCLTD,Commodities Trading,Industrials,885.6,6712.64,32.85,8.53,6.98,7.57,14.41,1.1,33.59,164.99,72.95,-5.42
EBBETF0430,Debt,ETF,1376,6636.67,99999,99999,99999,99999,99999,0,-99999,7.34,4.45,0.8
MTARTECH,Industrial Machinery,Industrials,1870.6,6608.54,117.78,10.66,11.27,891.84,56.48,0,18.14,-3.99,-19.15,-5
SUNTECK,Real Estate,Real Estate,598.7,6583.83,92.82,2.36,10.61,25.13,41.14,0.32,0.05,111.11,30.28,24.66
ROLEXRINGS,Industrial Machinery,Industrials,2502.3,6583.38,42.19,8.86,5.32,30.84,27.06,0,30.76,22.53,4.07,12.94
GANESHHOUC,Real Estate,Real Estate,990.4,6559.23,14.24,5.57,7.3,213.93,10.01,1.4,9.74,169.75,150.61,22.03
GALLANTT,Iron & Steel,Materials,347.85,6529.06,28.97,2.93,1.54,68.32,15.5,0.37,6.54,497.17,202.08,12.47
EMUDHRA,IT Services & Consulting,Information Technology,852.4,6523.91,86.92,9.85,17.17,89.96,53.98,0.15,14.24,107.22,93.77,7.81
BLUEJET,Pharmaceuticals,Health Care,398.7,6515.36,39.79,9.56,8.8,46.03,25.23,0.27,26.61,-3.56,10.14,6.85
IONEXCHANG,Environmental Services,Industrials,512.3,6497.49,33.15,7.77,2.71,103.58,18.94,0.03,26.4,26.09,-14.14,0.17
BBETF0432,Debt,ETF,1151.87,6496.91,99999,99999,99999,99999,99999,0,-99999,7.06,4.46,0.7
BORORENEW,Housewares,Consumer Discretionary,491,6476.63,99999,6.87,4.55,99999,62.73,0,8.06,-10.52,12.24,-0.52
INDIACEM,Cement,Materials,218.6,6473.75,99999,1.11,1.24,99999,45.67,0,-2.14,-2.04,-18.66,4.55
INDIGOPNTS,Paints,Materials,1363.9,6459.31,43.85,8.32,4.89,55.63,24.94,0,18.5,-4.05,-7.84,-1.14
GARFIBRES,Textiles,Consumer Discretionary,4106.95,6435.31,30.91,6.33,4.7,33.98,20.69,0.09,17.33,29.12,24.43,28.1
KRBL,Packaged Foods & Meats,Consumer Staples,300.7,6411.21,10.76,1.37,1.17,99999,7.32,1.47,16,-14.57,-15.71,6.89
JKPAPER,Paper Products,Materials,495.45,6399.17,5.7,1.51,0.93,3.63,4.56,2.25,32.82,53.15,27.4,38.17
INFRATRUST,Construction & Engineering,Industrials,92,6347.84,11.62,0.94,2.26,3.97,7.77,0,7.83,-8,-1.08,-99999
KIRLOSIND,Investment Banking & Brokerage,Financials,6125.25,6300.24,32.89,1.28,0.98,8.28,11.19,0.2,4.99,96,80.65,-2.93
INDINFR,Roads,Industrials,101,6266.15,99999,1.02,1.81,4.23,6.29,20.54,-3.22,-99999,-99999,-99999
DBL,Construction & Engineering,Industrials,525.7,6234.61,32.13,1.56,0.5,2.19,6.62,0,0.02,126.35,34.35,11.25
ARVINDFASN,Textiles,Consumer Discretionary,485.55,6220.82,77.14,5.7,1.44,19.61,13.13,0.27,3.78,46.38,17.14,2.19
JSFB,Private Banks,Financials,734.85,6205.86,9.27,1.73,1.32,8.78,7.2,0,24.92,99.61,99.61,11.59
INDIASHLTR,Home Financing,Financials,725.35,6195.05,25.02,2.7,7.19,99999,28.05,0,13.99,33.17,33.17,26.51
SURYAROSNI,Iron & Steel,Materials,639.25,6181.55,18.78,3.32,0.79,22.06,11.25,0.43,19.67,53.77,10.88,5.52
STLTECH,Telecom Equipments,Communication Services,135.12,6160.94,99999,2.94,1.11,27.26,14.81,0,6.81,-10.78,-9.1,5.95
VAIBHAVGBL,Apparel & Accessories,Consumer Discretionary,325.6,6151.25,48.09,5.11,2.01,48.38,21.16,1.61,9,5.44,-20.67,-14.19
VSTIND,FMCG - Tobacco,Consumer Staples,4093.15,6138.26,20.35,5.2,4.09,33.83,13.27,3.77,29.01,22.37,21.37,3.54
SUNDARMHLD,Diversified Financials,Financials,270.45,6135.62,11.51,1.72,20.65,61.2,24.79,1.47,7.23,178.38,77.75,11.66
TIMETECHNO,Plastic Products,Materials,297.05,6127.08,19.74,2.63,1.22,16.55,9.89,0.74,9.84,153.67,63.04,4.95
TEXRAIL,Rail,Industrials,207.42,6125.18,54.1,4.41,1.71,99999,20.88,0.26,1.91,195.26,16.23,10.26
GOKEX,Apparel & Accessories,Consumer Discretionary,831.85,6122.1,46.74,6.91,2.54,16.6,20.8,0,21.7,73.99,-6.74,-0.7
NESCO,Real Estate,Real Estate,947.05,6118.39,16.86,3.11,7.81,20.63,10.74,0.69,15.87,48.81,10.21,5.49
EPL,Packaging,Materials,192.84,6098.55,28.6,3.06,1.53,10.13,9.39,1.2,11.77,-5.93,-4.01,-0.23
AURIONPRO,IT Services & Consulting,Information Technology,2955.65,6082.46,43.14,11.81,6.78,148.75,30.35,0.09,21.19,192.96,43.22,17.01
ASKAUTOLTD,Auto Parts,Consumer Discretionary,347.25,6077.91,34.98,9.44,2.01,43.86,19.55,0.32,19.28,11.98,21.06,6.72
NIITMTS,Education Services,Consumer Discretionary,445.65,6056.12,28.4,7.86,3.82,37.46,14.46,1.17,29.22,16.36,4.81,-2.31
IIFLSEC,Diversified Financials,Financials,218.2,6044.96,11.8,4.48,2.71,99999,4.64,1.52,19.76,206.46,59.68,25.3
IFBIND,Auto Parts,Consumer Discretionary,1590.8,5999.21,119.13,8.99,1.34,56.85,27.37,0,2.27,96.56,70.49,10.01
SIS,Business Support Services,Industrials,445.25,5998.9,31.57,2.49,0.49,15.21,11.79,0,8.01,9.44,-4.45,5
SHAREINDIA,Investment Banking & Brokerage,Financials,1510.95,5997.68,14.1,5.89,4.03,99999,8.41,0.33,44.54,17.51,-17.71,-7.1
HEMIPROP,Real Estate,Real Estate,192.18,5895.23,99999,16.11,739.68,99999,99999,0,-1.75,93.24,24.19,-5.99
DHANUKA,Fertilizers & Agro Chemicals,Materials,1575.95,5888.26,24.63,5.55,3.28,43.22,16.06,0.46,23.1,96.69,48.4,18.01
GUJALKALI,Commodity Chemicals,Materials,773.4,5873.85,99999,0.96,1.51,6.12,49.11,1.73,6.81,13.48,3.44,-4.75
WABAG,Water Management,Utilities,1142.05,5846.83,23.81,3.71,2.02,68.8,14.14,0,0.83,145.28,80.23,14.79
KESORAMIND,Tires & Rubber,Consumer Discretionary,197.35,5829.6,99999,43,1.3,28.35,22.43,0,-118.89,201.76,16.43,11.83
WELENT,Construction & Engineering,Industrials,462.25,5810.03,19.69,2.46,1.9,16.86,8.08,0.77,34.78,137.05,38.56,16.84
UTKARSHBNK,Diversified Financials,Financials,53.3,5801.22,11.66,2.9,1.62,3.72,4.98,0.77,22.64,10.87,0.57,-0.24
ITDC,Tour & Travel Services,Consumer Discretionary,771.15,5772.28,82.05,17.41,10.52,99999,45.25,0.37,19.45,136.69,65.13,18.44
PDSL,Textiles,Consumer Discretionary,531.45,5767.99,39.99,5.18,0.55,11.31,13.32,0.71,25.87,49.1,-5.28,24.9
ETHOSLTD,"Precious Metals, Jewellery & Watches",Consumer Discretionary,2595.25,5755.11,69.1,9.11,5.62,99999,32.09,0,13.97,95.29,41.17,6.57
GMMPFAUDLR,Industrial Machinery,Industrials,1350.4,5752.05,32.15,7.06,1.66,31.13,12.81,0.08,22.46,-10.77,-12.7,-1.87
SUPRAJIT,Auto Parts,Consumer Discretionary,511.25,5747.51,34.36,4.69,1.94,24.04,15.45,0.6,13.18,32.05,36.64,26.61
PAISALO,Consumer Finance,Financials,71.82,5716.05,31.94,4.92,8.67,99999,31.91,0.16,8.57,186.99,49.39,4.25
DIACABS,Electrical Components & Equipments,Industrials,1127.2,5712.89,335.46,99999,16.6,99999,140.67,0,-99999,4737.77,707.45,3.02
RAIN,Commodity Chemicals,Materials,166.29,5712.83,99999,0.74,0.31,1.86,11.52,0.59,-11.34,-3.82,11.83,1.31
HNDFDS,FMCG - Foods,Consumer Staples,496.3,5657.06,60.82,15.06,2.05,57.08,26.73,0,20.9,-8.94,-11.24,0.66
MAXESTATES,Real Estate,Real Estate,457.2,5636.72,99999,99999,46.87,99999,9836.47,0,2,61.53,39.09,33.2
GABRIEL,Auto Parts,Consumer Discretionary,423.05,5585.59,31.25,6.42,1.63,40.96,17.34,0,16.17,121.67,1.95,14.55
SUDARSCHEM,Diversified Chemicals,Materials,867.35,5582.49,15.62,6.74,1.94,19.45,9.84,0.57,5.39,71.65,65.59,-3.4
PARADEEP,Fertilizers & Agro Chemicals,Materials,79.57,5581.23,55.86,1.59,0.48,99999,14.1,0.73,10.62,36.95,12.71,9.56
TIIL,Industrial Machinery,Industrials,2925,5544.44,20.98,3.84,2.44,40.78,12.53,0,19.1,72.78,8.82,18.25
CSBBANK,Private Banks,Financials,352.1,5536.97,9.77,1.73,1.58,2.5,4.86,0,18.7,31.77,-12.74,1.08
SPANDANA,Consumer Finance,Financials,773.2,5525.79,11.04,1.78,2.18,99999,15.33,0,0.4,12.03,-26.58,-5.4
PRICOLLTD,Auto Parts,Consumer Discretionary,503.25,5514.53,39.22,7.83,2.41,33.16,19.35,0,19.48,113.2,41.12,10.38
SANSERA,Auto Parts,Consumer Discretionary,1272.1,5502.52,29.62,4.66,1.96,21.46,12.96,0.29,13.19,50.28,29.4,15.29
TIPSINDLTD,Movies & TV Serials,Communication Services,452,5500.51,43.25,40.39,21.49,66.85,31.19,1.4,64.15,103.56,23.72,-99999
JAICORPLTD,Textiles,Consumer Discretionary,378.2,5493.57,104.58,3.78,10.99,76.36,63.59,0.16,-0.93,120.91,2.17,28.81
RSYSTEMS,IT Services & Consulting,Information Technology,494.1,5460.89,38.98,6.41,3.22,25.84,21.19,1.47,20.05,22.26,-11.4,1.93
TARC,Real Estate,Real Estate,189.49,5432.72,99999,4.02,44.75,99999,118.62,0,1.52,204.65,32.93,18.78
AARTIPHARM,Labs & Life Sciences Services,Health Care,640.15,5411.28,24.95,3.47,2.91,20.58,14.23,0.5,13.14,62.93,28.62,5.06
SHAKTIPUMP,Industrial Machinery,Industrials,2995.75,5403.47,38.13,12.93,3.93,139.66,23.91,0.14,5.95,404.55,208.16,3
GOCOLORS,Apparel & Accessories,Consumer Discretionary,1056.05,5380.65,64.99,10.34,6.9,51.87,21.6,0,17.27,-5.87,-18.66,5.7
INOXWIND,Heavy Electrical Equipments,Industrials,139.08,5378.15,99999,2.38,2.99,99999,26.05,0,-32.29,244.04,35.42,-8.93
ICRA,Stock Exchanges & Ratings,Financials,5847.3,5346.44,35.39,5.6,10.26,53.86,21.72,1.81,15,18.52,5.9,5.62
BALMLAWRIE,Conglomerates,Industrials,267.35,5319.07,20.34,3.11,2.23,25.6,14.12,0,10.31,92.55,39.97,-13.13
TDPOWERSYS,Heavy Electrical Equipments,Industrials,376.55,5317.59,44.93,8.8,5.23,60.05,28.04,0.18,17.11,73.81,30.34,17.71
EPIGRAL,Commodity Chemicals,Materials,1331.35,5297.44,27.05,4.05,2.74,13.32,12.71,0.39,15.74,15.27,44.59,5.34
DYNAMATECH,Auto Parts,Consumer Discretionary,7768.55,5269.18,43.26,9.72,3.43,40.22,22.16,0.13,9.27,117.37,72.87,-8.51
DODLA,FMCG - Foods,Consumer Staples,1047.25,5258.27,31.54,4.62,1.67,99999,15.84,0,15.8,86.23,26.15,5.75
CYIENTDLM,Industrial Machinery,Industrials,720.35,5242.92,85.67,5.77,4.3,99999,35.28,0,11.06,71.27,7.95,1.79
GATEWAY,Logistics,Industrials,103.46,5233.77,20.43,2.9,3.36,16.15,14.12,0,13.82,39.06,2.84,-4.18
NFL,Fertilizers & Agro Chemicals,Materials,125.91,5217.3,34.77,2.05,0.22,99999,11.45,0,19.84,78.98,51.52,18.19
DBCORP,Publishing,Communication Services,313.35,5210.98,12.25,2.68,2.1,21.34,7.43,3.76,8.83,124.46,17.12,12.56
ORCHPHARMA,Pharmaceuticals,Health Care,1160.1,5208.6,56.51,7.56,6.13,284,38.92,0,6.93,165.74,63.22,-0.28
RALLIS,Fertilizers & Agro Chemicals,Materials,328,5202.04,35.18,2.84,1.95,19.33,15.38,0.93,8.31,69.25,26.93,18.02
JAMNAAUTO,Auto Parts,Consumer Discretionary,127.06,5196.21,25.3,6.63,2.14,15.09,15.61,1.84,22.93,31.94,16.73,-4.14
GOLDBEES,Gold,ETF,60.71,5168.88,99999,99999,99999,99999,99999,0,-99999,20.15,15.44,-3.64
ASHOKA,Construction & Engineering,Industrials,222.14,5110.57,10.16,2.59,0.51,10.38,2.64,0,20.76,177.33,53.25,27.34
BBL,Heavy Electrical Equipments,Industrials,4902.9,5092.45,38.74,3.7,2.67,98.52,25.38,0.39,6.65,218.23,149.11,15.73
VRLLOG,Logistics,Industrials,566.1,5072.3,57.08,5.2,1.74,15.93,13.75,0,39.72,-19.97,-28.79,-0.4
TEAMLEASE,Employment Services,Industrials,2821.7,5051.99,45.05,6.16,0.54,40.02,26.19,0,14.59,17.2,-1.79,-14.47
PATELENG,Construction & Engineering,Industrials,71.57,5049.55,18.72,1.7,1.07,7.29,7.85,0,6.76,141.38,13.42,14.12
JKIL,Construction & Engineering,Industrials,867.35,5045.38,15.25,2.16,1.03,27.59,7.12,0.6,12.4,175.96,74.64,41.42
HCG,Hospitals & Diagnostic Centres,Health Care,382.6,5041.59,104.73,5.8,2.61,20.04,16.4,0,3.35,21.44,4.59,6.42
RBA,Restaurants & Cafes,Consumer Discretionary,107.88,5016.18,99999,5.93,2.04,40.36,22.65,0,-23.11,-5.04,-3.85,3.45
